L,angle,angle_err,correct,est_angle,est_speed,geba,noise,quality,seed,speed,speed_err,texture,valid
4,0,0.017381426294676317,1,0.01738142629467437,0.29984235267675063,1.5501737977851184,0.0,0.9777329296632389,1000,0.3,0.000525491077497886,random,0
4,15,0.35135087212651683,1,15.351350872126519,0.2997460590492454,1.442211278618084,0.0,0.983716843784599,1001,0.3,0.0008464698358486844,random,0
4,30,1.136819670136589,1,31.136819670136585,0.3004256751376827,1.4164209170270898,0.0,0.9825758159693824,1002,0.3,0.0014189171256091537,random,0
4,45,0.5872557025769538,1,45.58725570257696,0.30022816374772615,1.3560414585406069,0.0,0.9868615701850293,1003,0.3,0.0007605458257538,random,0
4,60,0.025239856447058173,1,59.97476014355295,0.30046010464782846,1.3924711806026524,0.0,0.985815707970691,1004,0.3,0.0015336821594282846,random,0
4,75,0.6879465755380636,1,75.68794657553806,0.2998100242783888,1.4156168613186488,0.0,0.9824572551517876,1005,0.3,0.000633252405370599,random,0
4,90,0.010027884298892786,1,89.98997211570111,0.29969762023497143,1.49511481379318,0.0,0.9822611742817965,1006,0.3,0.0010079325500952363,random,0
4,105,0.3036745451074836,1,105.30367454510748,0.30008410165495486,1.4506018576613062,0.0,0.9818250552198678,1007,0.3,0.0002803388498495707,random,0
4,120,0.12155477404557757,1,119.87844522595442,0.29994250471889444,1.4419024470170612,0.0,0.9837438404305769,1008,0.3,0.00019165093701845048,random,0
4,135,0.05215408888386719,1,135.05215408888387,0.2998914119036702,1.3908585826290243,0.0,0.9814080557623113,1009,0.3,0.0003619603210993638,random,0
4,150,0.2842602122348694,1,150.28426021223487,0.30008977947561355,1.432659829645611,0.0,0.9814813721289437,1010,0.3,0.00029926491871190564,random,0
4,165,0.9188434825857996,1,164.0811565174142,0.30064179750701553,1.380014807526274,0.0,0.986041983725153,1011,0.3,0.002139325023385208,random,0
4,0,0.15491598786223904,1,179.84508401213776,0.3993794441963012,1.723839801197916,0.0,0.9872530506311761,1012,0.4,0.0015513895092469365,random,1
4,15,0.7025143981231281,1,14.297485601876874,0.39992616279590365,1.5351098223401596,0.0,0.989568571848425,1013,0.4,0.00018459301024087438,random,1
4,30,0.23573451406268475,1,30.23573451406269,0.4001309720254543,1.599798378939582,0.0,0.9891524942519666,1014,0.4,0.0003274300636355587,random,1
4,45,0.08456825671373736,1,45.08456825671374,0.4001146980459444,1.5503122046028999,0.0,0.9851521664820834,1015,0.4,0.00028674511486093124,random,1
4,60,0.3025536816811041,1,59.697446318318896,0.40003317733331867,1.5347254674922013,0.0,0.9906445408970016,1016,0.4,8.29433332965035e-05,random,1
4,75,0.054107733179975526,1,74.94589226682002,0.40000452110534296,1.616250063229233,0.0,0.9881827715124102,1017,0.4,1.1302763357257106e-05,random,1
4,90,0.07855436238008906,1,89.92144563761991,0.40011724951501615,1.6615204732274065,0.0,0.9865406205624827,1018,0.4,0.000293123787540317,random,1
4,105,0.016438416896690455,1,105.01643841689669,0.39997241167859476,1.530515375181294,0.0,0.9887901074540865,1019,0.4,6.897080351309093e-05,random,1
4,120,0.20006737382527717,1,120.20006737382528,0.4000847486261803,1.5791655658636197,0.0,0.9879148675458159,1020,0.4,0.00021187156545066088,random,1
4,135,0.5430246662420473,1,134.45697533375795,0.39984589154497086,1.5297764929050996,0.0,0.9889727354570576,1021,0.4,0.00038527113757291787,random,1
4,150,0.0013852905566977824,1,149.9986147094433,0.4004913939844921,1.5221192848194185,0.0,0.9874528365988496,1022,0.4,0.0012284849612300697,random,1
4,165,0.6464861885690993,1,165.6464861885691,0.39970847271688104,1.500594141900755,0.0,0.9917227931914494,1023,0.4,0.0007288182077974659,random,1
4,0,0.025745469279740973,1,179.97425453072023,0.49811007787490713,1.974730661182859,0.0,0.9890564279982055,1024,0.5,0.0037798442501857377,random,1
4,15,0.33076790992369354,1,14.669232090076303,0.4977377080765741,1.7475595316244992,0.0,0.9923291587051318,1025,0.5,0.004524583846851837,random,1
4,30,0.1063620770017053,1,30.106362077001705,0.49866967011461366,1.8840575323114797,0.0,0.9916433091290338,1026,0.5,0.0026606597707726776,random,1
4,45,0.07246993209881225,1,45.07246993209882,0.49814626842811566,1.823983298497254,0.0,0.9915787560343043,1027,0.5,0.0037074631437686856,random,1
4,60,0.2546533580469088,1,60.254653358046916,0.49822181667429394,1.887381531888391,0.0,0.9905108215348029,1028,0.5,0.003556366651412124,random,1
4,75,0.016441628817929654,1,75.01644162881793,0.4980928575250543,1.814214310571366,0.0,0.9923499011510547,1029,0.5,0.0038142849498914444,random,1
4,90,0.0703852164544827,1,90.07038521645448,0.49867474122479627,1.9204439290911526,0.0,0.9923290822299209,1030,0.5,0.0026505175504074607,random,1
4,105,0.08420174062331398,1,104.91579825937669,0.49852784874548967,1.8373850911505059,0.0,0.9917505870017819,1031,0.5,0.0029443025090206687,random,1
4,120,0.04902174135169446,1,120.0490217413517,0.49910076103543866,1.8730003098542103,0.0,0.9887774831001457,1032,0.5,0.0017984779291226882,random,1
4,135,0.11875350980693611,1,135.11875350980694,0.498803332296166,1.810272564303825,0.0,0.990858883024301,1033,0.5,0.0023933354076679514,random,1
4,150,0.03618354526662415,1,149.96381645473338,0.49803093254431974,1.8435012705217206,0.0,0.9915565665388699,1034,0.5,0.003938134911360525,random,1
4,165,0.03473743173864818,1,165.03473743173865,0.49772515846705834,1.8656554983391382,0.0,0.9904826356455665,1035,0.5,0.004549683065883325,random,1
4,0,0.014767620685518068,1,179.98523237931448,0.7002893796317217,2.2348720954997647,0.0,0.9871453840294252,1036,0.7,0.00041339947388818743,random,1
4,15,0.1145871633741109,1,15.11458716337411,0.6996025414834504,2.1139951993061183,0.0,0.9874250735433027,1037,0.7,0.0005677978807850925,random,1
4,30,0.1214695280628888,1,29.87853047193711,0.7001708336811593,2.116358925123186,0.0,0.9911113026744794,1038,0.7,0.00024404811594180842,random,1
4,45,0.09017724103391345,1,44.90982275896609,0.6994991972639125,2.1308235608257857,0.0,0.989910296612854,1039,0.7,0.0007154324801249556,random,1
4,60,0.031951543551983264,1,59.96804845644802,0.7002724320709819,2.1963816510582905,0.0,0.9905393417221491,1040,0.7,0.00038918867283133096,random,1
4,75,0.012354844409387056,1,74.98764515559061,0.7001026084640337,2.2021081983269597,0.0,0.9876270902956183,1041,0.7,0.00014658352004826014,random,1
4,90,0.11185368700144238,1,90.11185368700144,0.6997469685497998,2.331282267831252,0.0,0.9863759769424835,1042,0.7,0.00036147350028592484,random,1
4,105,0.1319909238469137,1,104.86800907615309,0.7004066445471477,2.1301878884273577,0.0,0.986801724268144,1043,0.7,0.0005809207816396267,random,1
4,120,0.04324511187162727,1,120.04324511187163,0.7002007650001468,2.150359143511245,0.0,0.9897088159904274,1044,0.7,0.00028680714306705823,random,1
4,135,0.09914715943611441,1,135.09914715943611,0.7007968705397746,2.159927207970708,0.0,0.9884507033851351,1045,0.7,0.0011383864853922177,random,1
4,150,0.0881820508687099,1,149.9118179491313,0.6998597148887303,2.1929559244169052,0.0,0.9875905406675011,1046,0.7,0.0002004073018136987,random,1
4,165,0.09223407897067659,1,165.09223407897068,0.6994281669359471,2.081789094152314,0.0,0.9884084667106601,1047,0.7,0.0008169043772183748,random,1
4,0,0.029675029460008773,1,179.97032497053996,0.9991383781030482,2.9953308822112565,0.0,0.980001852314068,1048,1,0.0008616218969518252,random,1
4,15,0.024790042063216333,1,15.024790042063222,0.9999455074130645,2.845560884309193,0.0,0.9811934997097882,1049,1,5.449258693546177e-05,random,1
4,30,0.08145705443217821,1,30.081457054432185,0.9992751167287006,2.9174375243531854,0.0,0.981352118161709,1050,1,0.0007248832712993813,random,1
4,45,0.029690345117813877,1,45.02969034511781,0.9990871826278755,2.9222364171468898,0.0,0.9811052607719155,1051,1,0.0009128173721244526,random,1
4,60,0.026829830480949113,1,59.97317016951905,0.999583479834348,2.8821481779895812,0.0,0.9800515756362859,1052,1,0.0004165201656519679,random,1
4,75,0.01948166921705763,1,74.98051833078294,0.9994438555423981,2.8964600544054964,0.0,0.9848098633237009,1053,1,0.0005561444576018815,random,1
4,90,0.02083254089372133,1,90.02083254089372,0.9991043329482984,2.9187414748569114,0.0,0.9810183800264612,1054,1,0.0008956670517016319,random,1
4,105,0.005056165408404922,1,104.9949438345916,0.9988448601567979,2.9190634716945705,0.0,0.9800254461803182,1055,1,0.0011551398432021465,random,1
4,120,0.018810994097123057,1,119.98118900590288,0.9990089349070416,2.850178904759412,0.0,0.9808020060544822,1056,1,0.000991065092958432,random,1
4,135,0.0007551662034188666,1,134.99924483379658,0.9993761168764561,2.85707661894293,0.0,0.9797249446801659,1057,1,0.0006238831235438891,random,1
4,150,0.060265947819743815,1,149.93973405218026,0.9997200651023375,2.938058067252246,0.0,0.979756439550412,1058,1,0.0002799348976625371,random,1
4,165,0.010808273409992353,1,165.01080827341,0.9991139911456929,2.9015365356278346,0.0,0.9790198009670751,1059,1,0.0008860088543071187,random,1
4,0,0.0024509768285270184,1,179.99754902317144,1.4995999488149898,3.8035667760665803,0.0,0.978886462688756,1060,1.5,0.0002667007900067908,random,1
4,15,6.259481128267907e-05,1,14.999937405188717,1.5003145970302032,3.7554048959877315,0.0,0.9813892680274815,1061,1.5,0.00020973135346880056,random,1
4,30,0.005969868192579497,1,29.994030131807428,1.4993151079637865,3.696437725458413,0.0,0.9816469948356303,1062,1.5,0.00045659469080894244,random,1
4,45,0.010155583898836085,1,45.01015558389884,1.498565264902325,3.714469507626199,0.0,0.9804590241091986,1063,1.5,0.0009564900651167774,random,1
4,60,0.017369790323385814,1,59.98263020967661,1.5011584094831836,3.695091710689431,0.0,0.983288992461439,1064,1.5,0.0007722729887891244,random,1
4,75,0.027589543937565963,1,75.02758954393757,1.5001808134825203,3.610632469721816,0.0,0.9792353443043033,1065,1.5,0.00012054232168012824,random,1
4,90,0.0022107450426034347,1,89.9977892549574,1.5000325979008062,3.861929733991691,0.0,0.9767379220348216,1066,1.5,2.1731933870894338e-05,random,1
4,105,0.018219901864952703,1,105.01821990186495,1.4993480870280307,3.7335219357107636,0.0,0.9790313306535933,1067,1.5,0.0004346086479795064,random,1
4,120,0.02513619413278434,1,119.97486380586722,1.5002823197203359,3.635173199435951,0.0,0.9799788750157868,1068,1.5,0.00018821314689065893,random,1
4,135,0.005443660577526543,1,134.99455633942247,1.4996008620616397,3.764669458116656,0.0,0.9798214684575852,1069,1.5,0.00026609195890692217,random,1
4,150,0.02669635517557367,1,150.02669635517557,1.4990039179054864,3.7631711266957426,0.0,0.9804930863721804,1070,1.5,0.0006640547296757893,random,1
4,165,0.014045372930269195,1,165.01404537293027,1.4997315333476224,3.762467431170071,0.0,0.9810049582401486,1071,1.5,0.00017897776825170908,random,1
4,0,0.009349643017372955,1,0.009349643017374773,1.999788927587569,4.338670423899219,0.0,0.9850311842461047,1072,2,0.00010553620621545079,random,1
4,15,0.03220960741485612,1,14.967790392585142,1.9996952228184481,4.309835407717534,0.0,0.9863909422851173,1073,2,0.00015238859077593148,random,1
4,30,0.009816075025426585,1,29.990183924974577,2.0003221787136063,4.356008088613473,0.0,0.9867933571054552,1074,2,0.00016108935680314573,random,1
4,45,0.026792780458677612,1,44.97320721954132,1.9996255536885772,4.321304716554434,0.0,0.9865730229027554,1075,2,0.00018722315571140236,random,1
4,60,0.020642601051065412,1,60.02064260105106,1.9987794297801031,4.32207565231217,0.0,0.9884413941167767,1076,2,0.0006102851099484274,random,1
4,75,0.01682718548745754,1,75.01682718548746,1.9997255442236683,4.428290176329754,0.0,0.9882792472956439,1077,2,0.0001372278881658362,random,1
4,90,0.003734789149973494,1,89.99626521085003,1.999934367931072,4.460605587629577,0.0,0.9856813402433903,1078,2,3.2816034464033805e-05,random,1
4,105,0.008908694342125045,1,104.99109130565787,2.000508977237812,4.477494087822354,0.0,0.9874748433838095,1079,2,0.0002544886189059792,random,1
4,120,0.02464140383200686,1,120.024641403832,2.0007744061633956,4.397082690641515,0.0,0.9846571280961632,1080,2,0.0003872030816978178,random,1
4,135,0.002092391540884364,1,135.00209239154088,1.999778265778298,4.517929849672596,0.0,0.9870079860493423,1081,2,0.00011086711085095402,random,1
4,150,0.011067746130436262,1,150.01106774613044,2.0001808680578583,4.353191512365914,0.0,0.9874220623832035,1082,2,9.043402892916497e-05,random,1
4,165,0.012955493457411649,1,165.0129554934574,1.9996658203132196,4.310837795149911,0.0,0.9877921346538677,1083,2,0.00016708984339020017,random,1
4,0,0.020608498080875393,1,0.020608498080868728,3.0002363837182915,5.263743322797856,0.0,0.9913450019794687,1084,3,7.879457276382951e-05,random,1
4,15,0.020053625271472697,1,14.979946374728527,2.999777988880328,5.212286533932059,0.0,0.9914674775431545,1085,3,7.400370655730182e-05,random,1
4,30,0.0020893655738802863,1,30.002089365573884,2.9989556702523013,5.0704571764490804,0.0,0.9930077008934289,1086,3,0.00034810991589961926,random,1
4,45,0.002174326591244835,1,45.002174326591245,2.99842803137899,5.0959894719446766,0.0,0.9924079556830834,1087,3,0.0005239895403366113,random,1
4,60,0.0025481024168243493,1,60.00254810241682,2.999977548171167,5.12047395792615,0.0,0.9909462894431186,1088,3,7.483942944364053e-06,random,1
4,75,0.007884748070466685,1,74.99211525192953,2.9993327851359477,5.074872786135407,0.0,0.9931458902395915,1089,3,0.0002224049546840634,random,1
4,90,0.0013843505092836494,1,90.00138435050928,3.0003815292135396,5.204876148857371,0.0,0.9908719070605854,1090,3,0.00012717640451320733,random,1
4,105,0.0006195138215048246,1,104.9993804861785,2.999941178054357,5.089109698124623,0.0,0.9934040170127534,1091,3,1.96073152144427e-05,random,1
4,120,0.005229522258971997,1,119.99477047774103,2.999762614217516,5.210344136920209,0.0,0.9907164511261686,1092,3,7.912859416137064e-05,random,1
4,135,0.007543095290145629,1,135.00754309529015,2.999640264014009,5.043415833048566,0.0,0.99322071896443,1093,3,0.00011991199533023522,random,1
4,150,0.01564428644709892,1,150.0156442864471,3.000528601024812,5.133372333917379,0.0,0.9915603031485632,1094,3,0.00017620034160392706,random,1
4,165,0.0010315132744551647,1,165.00103151327446,2.999272243911295,5.142762049756819,0.0,0.9938039001464121,1095,3,0.00024258536290167054,random,1
4,0,0.004688155674998029,1,0.004688155674996582,4.000626700159646,5.919841447840394,0.0,0.9933512931971087,1096,4,0.00015667503991156906,random,1
4,15,0.004764378325617713,1,14.995235621674382,4.001761241384246,5.707133685594056,0.0,0.9960431787050282,1097,4,0.0004403103460615121,random,1
4,30,0.019017545473218433,1,30.019017545473226,3.997850947297812,5.631130253556337,0.0,0.9943812273754703,1098,4,0.0005372631755470314,random,1
4,45,0.016740175839231597,1,45.01674017583923,3.999601515603978,5.612514233664878,0.0,0.9949715578462593,1099,4,9.962109900552019e-05,random,1
4,60,0.011145701727627966,1,60.011145701727635,3.9991738313943355,5.8079222923427665,0.0,0.9952935046521506,1100,4,0.00020654215141613363,random,1
4,75,0.007340268381128112,1,75.00734026838113,4.0003301160397795,5.688517219726517,0.0,0.9957389738267711,1101,4,8.252900994487611e-05,random,1
4,90,0.009807904606063289,1,90.00980790460606,3.999966961416885,5.926690759546428,0.0,0.9947016978103485,1102,4,8.25964577877425e-06,random,1
4,105,0.004292215010636369,1,104.99570778498936,3.99924892388387,5.815301968416437,0.0,0.9942757028374721,1103,4,0.00018776902903250292,random,1
4,120,0.01634464572283889,1,119.98365535427716,4.000455497239414,5.7036693699844,0.0,0.9956766196411339,1104,4,0.0001138743098534345,random,1
4,135,0.006505847765083672,1,135.00650584776508,4.000203515798737,5.624801889082179,0.0,0.9949727574422965,1105,4,5.0878949684252106e-05,random,1
4,150,0.020610626893585504,1,150.02061062689359,3.99988005897572,5.813633473077167,0.0,0.9956574785206797,1106,4,2.998525607000868e-05,random,1
4,165,0.0029796490816238475,1,164.99702035091838,3.998433855046415,5.7045364162535925,0.0,0.9942639096294463,1107,4,0.00039153623839627283,random,1
4,0,0.00595313204198078,1,0.005953132041987769,5.99909633215421,6.532759194655822,0.0,0.9961737899928323,1108,6,0.0001506113076317206,random,1
4,15,0.0027052248357222197,1,15.002705224835726,5.999438565465381,5.968007053764826,0.0,0.9964812956102729,1109,6,9.357242243657193e-05,random,1
4,30,0.0021150764371924424,1,29.997884923562808,5.998388309224926,6.104215815504799,0.0,0.9970347031838351,1110,6,0.0002686151291789729,random,1
4,45,0.008026768047827204,1,44.99197323195217,5.999473614205092,6.256734604532029,0.0,0.99661837592477,1111,6,8.773096581793371e-05,random,1
4,60,0.006894758244897048,1,59.9931052417551,5.9994763576792645,6.19684560890211,0.0,0.996291887401846,1112,6,8.727372012262702e-05,random,1
4,75,0.0009667201296394978,1,74.99903327987036,5.997662981715356,6.23432273398481,0.0,0.9952634781569887,1113,6,0.00038950304744067576,random,1
4,90,0.009683513611065564,1,90.00968351361107,5.999899839752877,6.44052876085979,0.0,0.9972979796945953,1114,6,1.669337452048225e-05,random,1
4,105,0.007406682973979173,1,104.99259331702602,5.997781232694658,6.288186348714655,0.0,0.9957958606351351,1115,6,0.0003697945508903677,random,1
4,120,0.014791176001480721,1,120.01479117600148,6.000771271389748,6.110399426915364,0.0,0.9974534902138092,1116,6,0.00012854523162464382,random,1
4,135,0.003120961317790716,1,134.9968790386822,5.999421676926202,6.154822786538526,0.0,0.9968462333920944,1117,6,9.638717896631732e-05,random,1
4,150,0.0005720095578851669,1,150.00057200955789,5.998843316546897,6.059802139361918,0.0,0.9962035564569975,1118,6,0.00019278057551719296,random,1
4,165,0.00939273892876713,1,164.99060726107123,5.997726382516224,6.197136103461293,0.0,0.9959817317961867,1119,6,0.0003789362472960134,random,1
4,0,0.007410654032838693,1,0.007410654032832914,8.000042043540832,6.206173759041671,0.0,0.9960309146455549,1120,8,5.255442603990801e-06,random,1
4,15,0.003628999371954933,1,15.003628999371953,7.997771459637924,5.925038809749142,0.0,0.9965891703583214,1121,8,0.00027856754525945604,random,1
4,30,0.0029337466152696834,1,30.002933746615263,7.998537421096237,5.955014596522761,0.0,0.9966147519684603,1122,8,0.00018282236297040289,random,1
4,45,0.007965317702144148,1,44.992034682297856,7.9969632043420065,5.7711854049062525,0.0,0.9965760246847166,1123,8,0.0003795994572491912,random,1
4,60,0.008786450940647228,1,60.008786450940654,7.999762501357893,5.929206223214262,0.0,0.9963738297951097,1124,8,2.968733026342818e-05,random,1
4,75,0.004147399765201953,1,75.0041473997652,7.995447070888973,5.881644658239999,0.0,0.9968822304492878,1125,8,0.0005691161388783339,random,1
4,90,0.00034657721299424793,1,90.000346577213,7.9977570371658,6.20862819698415,0.0,0.9970971368268606,1126,8,0.0002803703542749725,random,1
4,105,0.011365801372960505,1,105.01136580137296,7.999806361087352,5.925783944446982,0.0,0.9956602810068533,1127,8,2.4204864080945576e-05,random,1
4,120,0.0029476002648038957,1,120.0029476002648,7.999075508097411,5.871961085598333,0.0,0.9957029283844563,1128,8,0.0001155614878236566,random,1
4,135,0.00940693426318262,1,135.00940693426318,7.998258958711495,5.929731685416722,0.0,0.9967151017802719,1129,8,0.0002176301610631315,random,1
4,150,0.0023543692857685983,1,150.00235436928577,7.9979203901248965,6.034246156821703,0.0,0.9962758651541521,1130,8,0.000259951234387934,random,1
4,165,0.0064078227516972674,1,165.0064078227517,7.999073403762472,5.840100425293278,0.0,0.9960553537926443,1131,8,0.00011582452969105539,random,1
4,0,0.004771324380996589,1,0.0047713243809986775,11.99900164865429,5.441649318186054,0.0,0.9955762027319252,1132,12,8.319594547590015e-05,random,1
4,15,0.01228389230156779,1,14.987716107698427,12.002162714136427,4.977257544547182,0.0,0.9947127217381612,1133,12,0.0001802261780354808,random,1
4,30,0.01735833821999222,1,30.017358338219985,11.994814884824079,5.0944834693591705,0.0,0.9956445392563902,1134,12,0.000432092931326733,random,1
4,45,0.0036864201416619835,1,45.003686420141655,11.998923145277828,5.076170082705799,0.0,0.9950549732919444,1135,12,8.973789351429673e-05,random,1
4,60,8.788184760533113e-05,1,60.0000878818476,11.998022379466937,5.028266355883605,0.0,0.9954234071561306,1136,12,0.00016480171108856911,random,1
4,75,0.015995592860122088,1,74.98400440713988,11.995246174664592,4.99051209760717,0.0,0.9958523183537282,1137,12,0.000396152111283965,random,1
4,90,0.008288772110830678,1,89.99171122788917,12.00245084472925,5.279780707380695,0.0,0.9947254043319893,1138,12,0.00020423706077088433,random,1
4,105,0.008357438454822841,1,104.99164256154518,12.002273750912297,5.09531696361391,0.0,0.9947710619906696,1139,12,0.0001894792426913039,random,1
4,120,0.022772055654272094,1,120.02277205565427,11.998826864752832,5.175138241832375,0.0,0.9952965305549295,1140,12,9.776127059735185e-05,random,1
4,135,0.010832755512240055,1,134.98916724448776,11.998551629162197,5.210197267252863,0.0,0.9952612543953911,1141,12,0.00012069756981691881,random,1
4,150,0.00926159028901452,1,150.00926159028901,11.999500751467998,5.152256699223777,0.0,0.9955045362347458,1142,12,4.1604044333509727e-05,random,1
4,165,0.00269161259970474,1,164.9973083874003,11.999320193800063,4.950591564243698,0.0,0.9952625049229847,1143,12,5.6650516661371775e-05,random,1
4,0,0.01263541075024932,1,179.98736458924978,16.001484973344485,5.325453056902322,0.0,0.9980150108115042,1144,16,9.281083403034351e-05,random,1
4,15,0.004072838650230892,1,14.995927161349767,15.997885819100986,5.341865152227476,0.0,0.9974092471034247,1145,16,0.00013213630618835737,random,1
4,30,0.02259918608754674,1,30.022599186087543,15.998531406319533,5.138371779956863,0.0,0.9976282827806894,1146,16,9.178710502921739e-05,random,1
4,45,0.05455500474249675,1,44.945444995257496,15.998153260747511,5.242815822435335,0.0,0.9979151819643686,1147,16,0.00011542120328056349,random,1
4,60,0.0005166384557213632,1,60.00051663845572,15.999356267494122,5.254288589985791,0.0,0.9977894939232334,1148,16,4.02332816173967e-05,random,1
4,75,0.01747370408672566,1,75.01747370408673,16.00082131933112,5.155931716875449,0.0,0.9981189163217297,1149,16,5.133245819499699e-05,random,1
4,90,0.00022422812028821681,1,89.99977577187971,15.991905743731262,5.402792384886371,0.0,0.9973048922848429,1150,16,0.0005058910167961006,random,1
4,105,0.011928839061056351,1,104.98807116093894,15.99644885529567,5.317661681542765,0.0,0.9976603980768175,1151,16,0.00022194654402063474,random,1
4,120,0.01387981815622652,1,119.98612018184377,15.997427478196805,5.322290094248666,0.0,0.9972343303287468,1152,16,0.00016078261269969474,random,1
4,135,0.0008839042987460743,1,135.00088390429875,16.0006596445474,5.311359077660825,0.0,0.9979932070336205,1153,16,4.122778421256079e-05,random,1
4,150,0.021835284246236597,1,150.02183528424624,16.001068444821247,5.2499614514509245,0.0,0.9978727824769184,1154,16,6.677780132791078e-05,random,1
4,165,0.006201255295451347,1,165.00620125529545,15.998359596195453,5.115754192919789,0.0,0.9976279555578262,1155,16,0.0001025252377842012,random,1
4,0,0.007070614503945194,1,0.007070614503947767,23.996955597075186,6.742395231087802,0.0,0.9974954315782559,1156,24,0.0001268501218673057,random,1
4,15,0.011579032648725729,1,15.01157903264873,23.99056766046278,6.801095693413733,0.0,0.9980434044007913,1157,24,0.00039301414738412976,random,1
4,30,0.0012218614069183786,1,30.00122186140691,23.996583375632767,6.877459362143865,0.0,0.9975390485588354,1158,24,0.000142359348634713,random,1
4,45,0.012254034655143187,1,45.01225403465514,23.995536080100102,6.75659944537606,0.0,0.998208025668613,1159,24,0.00018599666249574653,random,1
4,60,0.009865077689923396,1,59.99013492231008,23.99679155074327,6.78051882989884,0.0,0.9973220929882322,1160,24,0.00013368538569702437,random,1
4,75,0.009547976391047541,1,75.00954797639105,24.0012388496837,6.6310816300766335,0.0,0.997657773704173,1161,24,5.161873682069107e-05,random,1
4,90,0.015223248371654563,1,90.01522324837165,24.005892825354614,6.815530445739577,0.0,0.9973436665514497,1162,24,0.0002455343897755924,random,1
4,105,0.012062895145135144,1,104.98793710485486,23.99811511853867,6.644055096699628,0.0,0.997673958655559,1163,24,7.853672755542274e-05,random,1
4,120,0.0005331932221253055,1,120.00053319322213,23.994991274165624,6.819840116971525,0.0,0.9968520871422848,1164,24,0.0002086969097656599,random,1
4,135,0.018324490393382575,1,134.98167550960662,23.99977606288745,6.844738465573114,0.0,0.9969618021395993,1165,24,9.33071302300359e-06,random,1
4,150,0.004126687617940661,1,150.00412668761794,23.99788446930676,6.830783400975728,0.0,0.9979763493560652,1166,24,8.81471122182731e-05,random,1
4,165,0.011931142210812595,1,165.0119311422108,23.995767469308745,6.725232223216712,0.0,0.9985260252242516,1167,24,0.00017635544546890092,random,1
4,0,0.005352249111751917,1,179.99464775088828,31.99272675624248,8.68267670382279,0.0,0.9887913857094871,1168,32,0.00022728886742251486,random,1
4,15,0.0022023168942695293,1,14.997797683105736,32.001153747794035,8.690157813110078,0.0,0.9904400014389311,1169,32,3.605461856359682e-05,random,1
4,30,0.00990490989372006,1,29.99009509010628,31.99805177692254,8.605606032974917,0.0,0.9890346707979291,1170,32,6.088197117060101e-05,random,1
4,45,0.017811788058793354,1,45.0178117880588,31.991383575721304,8.577437680249565,0.0,0.9882002560205512,1171,32,0.0002692632587092403,random,1
4,60,0.008404865274627582,1,60.00840486527463,31.997541148130146,8.613252188214085,0.0,0.9898741904414231,1172,32,7.683912093292555e-05,random,1
4,75,0.0065060435100718905,1,75.00650604351007,32.00079074978537,8.550713040585709,0.0,0.9898441482467469,1173,32,2.4710930792704033e-05,random,1
4,90,0.003131286025279678,1,90.00313128602528,31.99565197938878,8.727694813313962,0.0,0.989190945599635,1174,32,0.0001358756441006692,random,1
4,105,0.025447650420062473,1,105.02544765042006,31.991646435999108,8.589677580396343,0.0,0.9879486863554237,1175,32,0.00026104887502786944,random,1
4,120,0.0009058810074122903,1,120.00090588100741,31.992966265597595,8.59526705585657,0.0,0.9889039145928201,1176,32,0.00021980420007516877,random,1
4,135,0.0019580239256526966,1,134.99804197607435,31.998483524082687,8.769355853200231,0.0,0.9896832513664569,1177,32,4.738987241603709e-05,random,1
4,150,0.007971279006426357,1,150.00797127900643,31.997372483844064,8.442065938641063,0.0,0.988461548572727,1178,32,8.210987987300467e-05,random,1
4,165,0.01180243061170927,1,165.0118024306117,31.998992146753555,8.634330852889597,0.0,0.9899178323708965,1179,32,3.149541395142119e-05,random,1
4,0,0.009688653130353941,1,179.99031134686965,47.99504735502523,11.58625652344412,0.0,0.9876370735848076,1180,48,0.00010318010364107622,random,1
4,15,0.003701671184984434,1,15.003701671184977,48.00393821163667,11.343539672460704,0.0,0.9894193017264349,1181,48,8.204607576400846e-05,random,1
4,30,0.0056277897813856725,1,30.005627789781382,47.995398427167956,11.407299465247505,0.0,0.9874931283872718,1182,48,9.586610066758539e-05,random,1
4,45,0.007755215837647711,1,44.99224478416236,47.99607517117644,11.40068939484975,0.0,0.9883221568247753,1183,48,8.176726715747318e-05,random,1
4,60,0.001238403945123423,1,59.99876159605488,48.00208474627243,11.355389708081699,0.0,0.9894704520671813,1184,48,4.3432214009042625e-05,random,1
4,75,0.0005245934372481997,1,74.99947540656275,48.00214422690917,11.064600498675478,0.0,0.9891349033988058,1185,48,4.467139394104258e-05,random,1
4,90,0.004405312978391862,1,89.99559468702161,47.99892682269878,11.43825631887094,0.0,0.9884239742775573,1186,48,2.2357860442134836e-05,random,1
4,105,0.00019437410102796093,1,104.99980562589897,47.997117880036726,11.427166418118297,0.0,0.9883270719521067,1187,48,6.0044165901551594e-05,random,1
4,120,0.006893635795790942,1,119.99310636420421,47.99403770170583,11.196647729834819,0.0,0.9872955073730221,1188,48,0.00012421454779520946,random,1
4,135,0.010029001473498056,1,134.9899709985265,47.99147710149102,11.367526818701926,0.0,0.9867183790857693,1189,48,0.00017756038560368115,random,1
4,150,0.006979998157788714,1,150.0069799981578,47.99274545738595,11.364741511725462,0.0,0.9871489412560371,1190,48,0.0001511363044593983,random,1
4,165,0.0024935059500137413,1,165.00249350595,47.99221083538573,11.273976839859268,0.0,0.9872843559242234,1191,48,0.00016227426279735724,random,1
4,0,0.0024690661041404383,1,179.9975309338959,63.98776255539076,14.17533466192619,0.0,0.9911464704292348,1192,64,0.00019121007201938767,random,1
4,15,0.0015819157692078534,1,14.99841808423079,63.9908289889221,13.287399189991817,0.0,0.9904103059495543,1193,64,0.0001432970480922391,random,1
4,30,0.0033227317497335207,1,30.003322731749737,63.993514414161474,12.963638432166787,0.0,0.9886479400691329,1194,64,0.00010133727872696507,random,1
4,45,0.001596314900709217,1,44.99840368509929,63.97865566644515,13.055992106520574,0.0,0.9920370758981345,1195,64,0.00033350521179453807,random,1
4,60,0.005455789432545544,1,60.005455789432546,63.98924907880479,13.17846537399555,0.0,0.9887682429300435,1196,64,0.00016798314367516554,random,1
4,75,0.0031944914659334245,1,74.99680550853407,63.9915457690586,13.496471949366963,0.0,0.9902418418782556,1197,64,0.0001320973584594265,random,1
4,90,0.0001368375675383504,1,90.00013683756754,63.98730778788327,14.095912462315418,0.0,0.9913477225908572,1198,64,0.00019831581432394607,random,1
4,105,0.0006698785708607602,1,104.99933012142914,63.990908932462816,13.247070874406361,0.0,0.98791317979749,1199,64,0.00014204793026850737,random,1
4,120,0.004990545749052444,1,119.99500945425095,63.99101793943181,13.353009464166021,0.0,0.9911933079799735,1200,64,0.00014034469637791425,random,1
4,135,0.001200077985089365,1,134.9987999220149,63.990742058465464,12.996124921024318,0.0,0.9904189221999798,1201,64,0.00014465533647711748,random,1
4,150,0.00019772902300019268,1,150.000197729023,63.99021973144676,12.926042155514159,0.0,0.9908844977671323,1202,64,0.00015281669614441995,random,1
4,165,0.0004499144184535453,1,164.99955008558155,63.986417710365004,13.380717372146153,0.0,0.9925316732671929,1203,64,0.00021222327554681897,random,1
4,0,0.053941381777974584,1,179.94605861822203,0.3001647849835579,1.4834406600824714,0.0,0.9864141206139513,1204,0.3,0.0005492832785265467,surface,0
4,15,0.5872261289722189,1,14.412773871027786,0.299647833192315,1.4309663060955058,0.0,0.9853980796519886,1205,0.3,0.0011738893589499089,surface,0
4,30,0.10600006873070811,1,30.1060000687307,0.2999587656265972,1.4192388379938485,0.0,0.9840990767752149,1206,0.3,0.00013744791134273626,surface,0
4,45,0.7661521335318469,1,44.23384786646815,0.29976679400181955,1.455663132563614,0.0,0.9783918919481696,1207,0.3,0.0007773533272681377,surface,0
4,60,0.32788276932541294,1,59.67211723067458,0.29987400836813105,1.4264609867871847,0.0,0.9874315924445862,1208,0.3,0.0004199721062297934,surface,0
4,75,0.762396134107604,1,74.2376038658924,0.30010455674219066,1.375701408794708,0.0,0.9861947756581467,1209,0.3,0.00034852247396899294,surface,0
4,90,0.3103262225181993,1,89.6896737774818,0.29975284725736817,1.4629379183485163,0.0,0.9833343798089513,1210,0.3,0.0008238424754394291,surface,0
4,105,0.09117095084678795,1,104.90882904915321,0.299872879891185,1.464855464743097,0.0,0.9822761014895457,1211,0.3,0.0004237336960499771,surface,0
4,120,0.7069318856650568,1,119.29306811433494,0.29997231074355896,1.4079272796581808,0.0,0.9806661916674669,1212,0.3,9.229752147010828e-05,surface,0
4,135,0.02070508753172362,1,134.97929491246828,0.2999424270147591,1.4003417577732928,0.0,0.9851750594556409,1213,0.3,0.000191909950802982,surface,0
4,150,0.4850040197478904,1,149.5149959802521,0.30029668919713515,1.3665249537548758,0.0,0.9815688306836345,1214,0.3,0.0009889639904505643,surface,0
4,165,0.12308821918716717,1,165.12308821918717,0.2998215638243629,1.4064240356667057,0.0,0.9844662768492779,1215,0.3,0.0005947872521235853,surface,0
4,0,0.029239769907235313,1,179.9707602300928,0.39943003792083065,1.6458345654502908,0.0,0.987615224641795,1216,0.4,0.0014249051979233762,surface,1
4,15,0.5723940033547308,1,14.427605996645267,0.39980828117597805,1.6278809720350478,0.0,0.9846282797492347,1217,0.4,0.00047929706005489514,surface,1
4,30,0.3567180551602007,1,30.356718055160204,0.39991403666485165,1.5770417334871747,0.0,0.9896757288185616,1218,0.4,0.00021490833787096708,surface,1
4,45,0.11369559511106786,1,44.88630440488894,0.4004181598659022,1.6008971081051797,0.0,0.9886443472621212,1219,0.4,0.0010453996647554753,surface,1
4,60,0.21870975153147754,1,59.78129024846852,0.39999842922527673,1.5373971889875637,0.0,0.9906370822737773,1220,0.4,3.92693680817402e-06,surface,1
4,75,0.3025255379476306,1,74.69747446205237,0.39929863007104005,1.4962734300232865,0.0,0.9875894744226908,1221,0.4,0.0017534248223999294,surface,1
4,90,0.10348185243715591,1,89.89651814756284,0.4002238918544519,1.6067018741070738,0.0,0.9883916611644833,1222,0.4,0.0005597296361297133,surface,1
4,105,0.2390703970094421,1,104.76092960299056,0.40102707929505815,1.537907524621424,0.0,0.9891105673597608,1223,0.4,0.002567698237645244,surface,1
4,120,0.6498988126324434,1,119.35010118736756,0.3999601171593472,1.54321679292724,0.0,0.9904519423427909,1224,0.4,9.970710163198504e-05,surface,1
4,135,0.15497740001498528,1,135.15497740001499,0.3998715456150964,1.5558508900271484,0.0,0.9899785479806946,1225,0.4,0.00032113596225902263,surface,1
4,150,0.33285198773393176,1,149.66714801226607,0.3999350490842341,1.4858593770546529,0.0,0.9892750377782853,1226,0.4,0.00016237728941481677,surface,1
4,165,0.5426053357221008,1,164.4573946642779,0.3997002149957823,1.5283331370921711,0.0,0.9895149739869299,1227,0.4,0.0007494625105443076,surface,1
4,0,0.006323406984790836,1,179.9936765930152,0.4985293720012218,1.925892127819325,0.0,0.9884433792982636,1228,0.5,0.002941255997556347,surface,1
4,15,0.341206103081916,1,14.658793896918084,0.4977143090883219,1.8093472435596443,0.0,0.9899155562833681,1229,0.5,0.0045713818233561465,surface,1
4,30,0.15102455732721864,1,30.151024557327215,0.4985452413848126,1.796853073971839,0.0,0.9925898309246917,1230,0.5,0.002909517230374803,surface,1
4,45,0.29346341571297785,1,44.70653658428702,0.4980704049868195,1.866820606625396,0.0,0.9907131526300357,1231,0.5,0.003859190026361037,surface,1
4,60,0.07239974921284897,1,60.07239974921284,0.4977998827780903,1.7963908387024463,0.0,0.9894764888565319,1232,0.5,0.0044002344438194285,surface,1
4,75,0.22168188097093378,1,74.77831811902907,0.4986085141664988,1.782179111123905,0.0,0.9913876712690178,1233,0.5,0.002782971667002365,surface,1
4,90,0.0035055407232107427,1,89.99649445927679,0.49764129000682344,1.8990036178296814,0.0,0.9901380737639738,1234,0.5,0.004717419986353111,surface,1
4,105,0.06516365915858557,1,104.93483634084141,0.49788415917275786,1.8720408277204617,0.0,0.9898437636647318,1235,0.5,0.004231681654484287,surface,1
4,120,0.3697780283652321,1,120.36977802836523,0.49764850907118247,1.7925986116807051,0.0,0.9908030121885416,1236,0.5,0.004702981857635069,surface,1
4,135,0.12113802352573089,1,135.12113802352573,0.49786380157386045,1.8118621253871807,0.0,0.9893858715513835,1237,0.5,0.004272396852279092,surface,1
4,150,0.12277692870125634,1,149.87722307129874,0.4978444421050215,1.779271826193651,0.0,0.9895048300848659,1238,0.5,0.004311115789957021,surface,1
4,165,0.1406261470429513,1,164.85937385295705,0.4982994910633114,1.7642676926502172,0.0,0.990523934801184,1239,0.5,0.00340101787337721,surface,1
4,0,0.046762462469814636,1,179.95323753753016,0.7000386702237481,2.2773655993706234,0.0,0.9863118573924797,1240,0.7,5.524317678307078e-05,surface,1
4,15,0.02898612293367364,1,14.971013877066333,0.6995442575856095,2.1738092353529,0.0,0.9869236468134108,1241,0.7,0.0006510605919863854,surface,1
4,30,0.024723271513821032,1,30.024723271513825,0.7005482608320428,2.2327227768416984,0.0,0.9890814814891385,1242,0.7,0.0007832297600611771,surface,1
4,45,0.04566337471646875,1,44.95433662528353,0.700844776100864,2.161983666067718,0.0,0.9865676264045159,1243,0.7,0.001206823001234314,surface,1
4,60,0.06420310287776942,1,59.93579689712223,0.7000118774317561,2.1385093446748598,0.0,0.9896399637910194,1244,0.7,1.6967759651542735e-05,surface,1
4,75,0.04377483280642025,1,75.04377483280642,0.6998464509705287,2.1093087906946404,0.0,0.9878492588514843,1245,0.7,0.00021935575638754035,surface,1
4,90,0.1248958104946496,1,89.87510418950535,0.6999039325899556,2.2590680169510877,0.0,0.9876157676171696,1246,0.7,0.00013723915720620372,surface,1
4,105,0.04756500204216252,1,104.95243499795784,0.6994174698496667,2.1514253097071045,0.0,0.9876400867973096,1247,0.7,0.0008321859290475464,surface,1
4,120,0.02905063293556509,1,119.97094936706443,0.6999692702135806,2.171870560647139,0.0,0.9865331973804101,1248,0.7,4.3899694884830254e-05,surface,1
4,135,0.06365441554484619,1,135.06365441554485,0.7003618228802322,2.1756266237030872,0.0,0.9902476407115083,1249,0.7,0.0005168898289031887,surface,1
4,150,0.03706377241536529,1,149.96293622758463,0.6993667873283744,2.1117975718740363,0.0,0.9863818741519457,1250,0.7,0.0009045895308935625,surface,1
4,165,0.028613024153258948,1,164.97138697584674,0.7000633168871968,2.1921880359939236,0.0,0.9880881127562728,1251,0.7,9.04526959955021e-05,surface,1
4,0,0.02538852074140152,1,0.02538852074140049,0.9994854032719859,3.0069968488721717,0.0,0.9815460025434758,1252,1,0.0005145967280141273,surface,1
4,15,0.012328100349293436,1,15.012328100349288,0.998287584732851,2.9073096777501046,0.0,0.980977191032255,1253,1,0.0017124152671490478,surface,1
4,30,0.024644860735563157,1,30.024644860735567,0.9996199077683627,2.9085226287721846,0.0,0.9817322252279203,1254,1,0.00038009223163726347,surface,1
4,45,0.08732369243678306,1,44.91267630756322,1.0003703369319548,2.868159126063242,0.0,0.976348620384711,1255,1,0.00037033693195476225,surface,1
4,60,0.024857281574824697,1,60.024857281574825,0.9983384161500345,2.8915178133999806,0.0,0.9811278504045791,1256,1,0.001661583849965509,surface,1
4,75,0.03597086309611086,1,74.96402913690389,0.9994395138109635,2.8478717991043063,0.0,0.9849799807969165,1257,1,0.0005604861890364798,surface,1
4,90,0.05117075297150109,1,89.9488292470285,0.9986084532045709,2.956479574130951,0.0,0.9818378635597743,1258,1,0.0013915467954290772,surface,1
4,105,0.02890873651824677,1,104.97109126348175,0.9983559261004307,2.905879826957506,0.0,0.9790391492617353,1259,1,0.0016440738995693316,surface,1
4,120,0.013782468782281398,1,120.01378246878228,0.9996054720698497,2.826409714921746,0.0,0.9828948931378595,1260,1,0.000394527930150268,surface,1
4,135,0.01334356684057525,1,134.98665643315942,0.9992143607853278,2.8624861705745728,0.0,0.978970076919037,1261,1,0.0007856392146722291,surface,1
4,150,0.0365400938894993,1,149.9634599061105,0.9989241299117604,2.817558481753251,0.0,0.9805543993923699,1262,1,0.0010758700882396166,surface,1
4,165,0.02090434704629729,1,165.0209043470463,0.999265760159873,2.8633766928617477,0.0,0.9808770959637664,1263,1,0.0007342398401269934,surface,1
4,0,0.01062718799781237,1,0.010627187997816463,1.5001370683095967,3.829853202254671,0.0,0.980596334602349,1264,1.5,9.13788730645404e-05,surface,1
4,15,0.039631598002031865,1,14.960368401997968,1.4982970307073071,3.724212884142911,0.0,0.9812623940729983,1265,1.5,0.0011353128617952457,surface,1
4,30,0.009809850301394363,1,30.00980985030139,1.4999055874892127,3.731423358393857,0.0,0.984217230708848,1266,1.5,6.294167385823002e-05,surface,1
4,45,0.01827389304057192,1,44.98172610695942,1.4998789777306494,3.7178250746718815,0.0,0.9832884885302193,1267,1.5,8.06815129004157e-05,surface,1
4,60,0.01836465047105662,1,59.98163534952895,1.4990062963012976,3.7830280822371867,0.0,0.9829029127048702,1268,1.5,0.0006624691324682574,surface,1
4,75,0.0026421685983137877,1,74.99735783140169,1.500122573249952,3.662302184940683,0.0,0.9843602250558211,1269,1.5,8.171549996793814e-05,surface,1
4,90,0.009552252474847478,1,89.99044774752515,1.49826950055621,3.6906684507676473,0.0,0.9805170618574188,1270,1.5,0.0011536662958598898,surface,1
4,105,0.005854395470095142,1,105.0058543954701,1.4994936906210272,3.7438458618270682,0.0,0.9780257265927145,1271,1.5,0.00033753958598181644,surface,1
4,120,0.002538405167584301,1,119.99746159483242,1.4985740817058966,3.6758415266484197,0.0,0.9826722187482655,1272,1.5,0.0009506121960689562,surface,1
4,135,0.0014366009935997681,1,134.9985633990064,1.4987419074107315,3.743530236097909,0.0,0.9814416939681585,1273,1.5,0.0008387283928456002,surface,1
4,150,0.02647171797610781,1,149.9735282820239,1.498744563932451,3.739022037567582,0.0,0.9832088791852942,1274,1.5,0.0008369573783659767,surface,1
4,165,0.02859367466228946,1,165.0285936746623,1.4999300860568303,3.7336905094747417,0.0,0.9814614590399334,1275,1.5,4.660929544642034e-05,surface,1
4,0,0.012152875196306923,1,179.9878471248037,1.9999382185936039,4.424978461844826,0.0,0.9868174338593934,1276,2,3.0890703198060976e-05,surface,1
4,15,0.0070393864345703605,1,14.992960613565437,1.9995920944189036,4.386584415069109,0.0,0.9885095570476411,1277,2,0.0002039527905481897,surface,1
4,30,0.011662166382109262,1,30.011662166382106,1.9998239408494562,4.433839833233401,0.0,0.9889454414854125,1278,2,8.802957527187516e-05,surface,1
4,45,0.0013958021818609723,1,45.00139580218186,2.0007330254896094,4.369789801155043,0.0,0.9851834958847248,1279,2,0.0003665127448047034,surface,1
4,60,0.0029419939227182113,1,60.00294199392271,1.9994754319661578,4.3412520353199,0.0,0.9894530257424311,1280,2,0.00026228401692107717,surface,1
4,75,0.017779466608104144,1,74.9822205333919,1.9988108216038853,4.275374234113908,0.0,0.9867939487767328,1281,2,0.000594589198057327,surface,1
4,90,0.011669008202758846,1,89.98833099179724,1.9993662304640158,4.351668278920446,0.0,0.9856682844997887,1282,2,0.0003168847679920761,surface,1
4,105,0.007405723715280033,1,105.00740572371528,2.000100415256974,4.349073553176633,0.0,0.986661529475163,1283,2,5.020762848695348e-05,surface,1
4,120,0.01298414986270302,1,120.0129841498627,2.000380230860499,4.281155248669126,0.0,0.9877815606163783,1284,2,0.0001901154302494934,surface,1
4,135,0.037602722045875225,1,135.03760272204588,1.9996157090964963,4.306038522478184,0.0,0.9867293142617397,1285,2,0.00019214545175183506,surface,1
4,150,0.006873906707795641,1,149.9931260932922,1.9995822671568446,4.30267036072112,0.0,0.9876885900002368,1286,2,0.00020886642157769142,surface,1
4,165,0.011612710331974085,1,165.01161271033197,1.9996029955048888,4.294789352545647,0.0,0.9871945926262559,1287,2,0.00019850224755557644,surface,1
4,0,0.008729317406121595,1,0.008729317406119578,2.999721533296474,5.32477946416178,0.0,0.9916717523649659,1288,3,9.282223450857163e-05,surface,1
4,15,0.008141808044854315,1,14.991858191955147,2.998479320321759,5.1902087017477445,0.0,0.9924892966607084,1289,3,0.0005068932260803294,surface,1
4,30,0.005436735913121993,1,30.005436735913126,2.999076796076929,5.072943831746845,0.0,0.9949282285885702,1290,3,0.00030773464102373804,surface,1
4,45,0.013527165281146836,1,45.01352716528115,2.9989421134722956,5.05946403114357,0.0,0.9933517529764312,1291,3,0.00035262884256814786,surface,1
4,60,0.003867021196526821,1,59.99613297880347,3.0001188311153935,5.17369667977803,0.0,0.993025673445804,1292,3,3.9610371797893507e-05,surface,1
4,75,0.01619594307098282,1,75.01619594307098,2.999274629488021,5.071977703871379,0.0,0.9923314174842349,1293,3,0.00024179017065961705,surface,1
4,90,0.009009406761194327,1,89.9909905932388,2.9996313401670553,5.208627344303055,0.0,0.992680104937475,1294,3,0.00012288661098158737,surface,1
4,105,0.004516226411169555,1,104.99548377358883,2.998752805309914,5.157705340293728,0.0,0.9933661411210954,1295,3,0.00041573156336205397,surface,1
4,120,0.009968221727874038,1,120.00996822172787,2.9974047284880263,5.0551355736247094,0.0,0.9946929192647259,1296,3,0.0008650905039911949,surface,1
4,135,0.0057430374914417825,1,135.00574303749144,2.998256032800668,5.20663478137872,0.0,0.9920542446485845,1297,3,0.0005813223997773731,surface,1
4,150,0.017724934693177374,1,149.98227506530682,2.999247417292654,5.117053666395201,0.0,0.9918401085834967,1298,3,0.00025086090244863524,surface,1
4,165,0.0031758879663925654,1,164.9968241120336,2.999740760397817,5.081972718563794,0.0,0.9921675088012932,1299,3,8.641320072777514e-05,surface,1
4,0,0.001301940572886906,1,179.9986980594271,3.9995033830949427,5.950600170241669,0.0,0.9947946118520006,1300,4,0.00012415422626432804,surface,1
4,15,0.006480331471948375,1,14.993519668528053,4.000598696194954,5.692193547138795,0.0,0.9956332939353643,1301,4,0.00014967404873855727,surface,1
4,30,0.00595676316868321,1,29.994043236831313,3.998668254004007,5.676597624546765,0.0,0.9952287303506204,1302,4,0.0003329364989982375,surface,1
4,45,0.019196788115365848,1,44.980803211884634,4.000596731959677,5.772866679074333,0.0,0.9945546422936715,1303,4,0.00014918298991917212,surface,1
4,60,0.013767285569059595,1,60.01376728556906,3.999604976161039,5.609249943038044,0.0,0.9954084696025604,1304,4,9.875595974029316e-05,surface,1
4,75,0.02462094328629405,1,74.9753790567137,3.998053194032632,5.619885380643007,0.0,0.994936047822979,1305,4,0.00048670149184204536,surface,1
4,90,0.007855731828911416,1,90.00785573182891,3.9997211346317236,5.801769619517068,0.0,0.9941895577686432,1306,4,6.971634206909272e-05,surface,1
4,105,0.006877888336958904,1,104.99312211166304,3.999526000997381,5.654365002706228,0.0,0.994765551564307,1307,4,0.0001184997506546992,surface,1
4,120,0.0033551025036473447,1,120.00335510250365,3.9995932702049846,5.753397183792982,0.0,0.9954484177931401,1308,4,0.00010168244875385923,surface,1
4,135,0.010199465473078817,1,135.01019946547308,3.999997025504773,5.727005742960582,0.0,0.9957889500484921,1309,4,7.43623806753746e-07,surface,1
4,150,0.02696514701506203,1,150.02696514701506,3.99816792104348,5.711642874750616,0.0,0.9942309648101163,1310,4,0.00045801973912995564,surface,1
4,165,0.008603024399661763,1,164.99139697560034,3.9992727058920714,5.600519352376766,0.0,0.9954062801473189,1311,4,0.00018182352698214999,surface,1
4,0,0.005313377100122807,1,0.005313377100124218,6.000985071786832,6.391165260873114,0.0,0.997159884004379,1312,6,0.00016417863113860065,surface,1
4,15,0.003146811927919657,1,15.003146811927925,6.000584985620868,6.269893513235443,0.0,0.9966437134130153,1313,6,9.749760347799175e-05,surface,1
4,30,0.0016281829250601731,1,30.001628182925064,5.998354900632101,6.140484485190362,0.0,0.9968404544188189,1314,6,0.0002741832279831158,surface,1
4,45,0.003691186499025889,1,45.00369118649902,5.998943225491735,6.027789644053215,0.0,0.9958448983909822,1315,6,0.00017612908471076327,surface,1
4,60,0.00616655461928417,1,59.993833445380716,5.999352798686002,6.152749728984221,0.0,0.9969762252279236,1316,6,0.00010786688566633007,surface,1
4,75,0.006945485538366825,1,75.00694548553837,6.001002684673038,6.09011299089935,0.0,0.9967355093907087,1317,6,0.00016711411217307237,surface,1
4,90,0.006549869941281372,1,89.99345013005872,5.999238603409658,6.389864804903548,0.0,0.9963037903177734,1318,6,0.00012689943172361495,surface,1
4,105,0.014090495962548744,1,105.01409049596255,5.99898314401648,6.274339946851568,0.0,0.9963096034263986,1319,6,0.00016947599725336548,surface,1
4,120,0.003457334038813542,1,120.00345733403881,5.9993010520850065,6.015706500837365,0.0,0.99661720023992,1320,6,0.0001164913191655792,surface,1
4,135,0.0017036389129998497,1,135.001703638913,5.998020391429858,6.155328079644579,0.0,0.9960987206854746,1321,6,0.00032993476169040914,surface,1
4,150,0.0008343004909647789,1,149.99916569950904,6.000245846236529,6.3401686454954485,0.0,0.996547380344632,1322,6,4.097437275496496e-05,surface,1
4,165,0.0034525564622072125,1,164.9965474435378,5.999699906561612,6.2081545850862,0.0,0.9965838741765658,1323,6,5.001557306461013e-05,surface,1
4,0,0.0061696063324916395,1,179.99383039366748,7.998984763397279,6.167907425566852,0.0,0.996062737919151,1324,8,0.00012690457534014765,surface,1
4,15,0.005170915343299498,1,15.005170915343305,7.999748160014607,5.86355177219114,0.0,0.9956841240156001,1325,8,3.1479998174099855e-05,surface,1
4,30,0.005122610028450936,1,29.994877389971553,7.998789509247511,5.885379730642662,0.0,0.9959027962437106,1326,8,0.00015131134406110025,surface,1
4,45,0.011598877666813223,1,44.98840112233318,7.99902595706534,5.88073443347257,0.0,0.9954863745182219,1327,8,0.00012175536683245447,surface,1
4,60,0.0016109954081429123,1,60.00161099540814,7.9960603859146575,5.750220245407528,0.0,0.9968285384576995,1328,8,0.0004924517606678114,surface,1
4,75,0.01187893276173213,1,74.98812106723827,8.000628902945033,5.786221924585931,0.0,0.9960558943296792,1329,8,7.861286812915758e-05,surface,1
4,90,0.005741826378653059,1,90.00574182637865,7.99903774412732,6.2477979358985865,0.0,0.9959023492749334,1330,8,0.00012028198408498003,surface,1
4,105,0.0016381939855563132,1,105.00163819398556,7.99845013178407,5.874565313461015,0.0,0.9957536713733562,1331,8,0.00019373352699125768,surface,1
4,120,0.003009131059855008,1,119.99699086894014,8.000269796356791,5.719220401823577,0.0,0.9958547639668026,1332,8,3.372454459893426e-05,surface,1
4,135,0.0033709710814378013,1,135.00337097108144,8.00138382633431,5.818155898837787,0.0,0.9954702827889073,1333,8,0.00017297829178875013,surface,1
4,150,0.00039608992477724314,1,149.99960391007522,7.998857961799217,5.808960750307289,0.0,0.9957905491478585,1334,8,0.00014275477509784196,surface,1
4,165,0.008071368893808994,1,165.0080713688938,7.997954052148255,5.910538667211762,0.0,0.9966493849251697,1335,8,0.0002557434814681736,surface,1
4,0,0.00944163934639164,1,179.9905583606536,11.99791354589528,5.364932155124348,0.0,0.9952423018236827,1336,12,0.0001738711753933586,surface,1
4,15,0.008917486926662832,1,15.008917486926661,11.994899579721798,5.1693594548035176,0.0,0.9958904320343033,1337,12,0.0004250350231834732,surface,1
4,30,0.0020338163175068757,1,29.99796618368249,11.999072961782238,5.156446532696458,0.0,0.9950211041665503,1338,12,7.72531848135527e-05,surface,1
4,45,0.003911935713034609,1,44.996088064286965,12.001392836750192,5.177042191871309,0.0,0.9940985526332541,1339,12,0.00011606972918265512,surface,1
4,60,0.009040819649214882,1,59.99095918035079,12.000344071221733,5.032465617639259,0.0,0.9951760837940868,1340,12,2.86726018110528e-05,surface,1
4,75,6.119060796550002e-05,1,74.99993880939203,12.000542918163056,5.046271909443367,0.0,0.9948881742520626,1341,12,4.5243180254672666e-05,surface,1
4,90,0.007889958503014327,1,90.00788995850301,12.000461959452315,5.443418364548839,0.0,0.9944364622806545,1342,12,3.849662102628493e-05,surface,1
4,105,0.00845107630196651,1,104.99154892369803,12.003183690751461,4.967717358090084,0.0,0.994255237001294,1343,12,0.0002653075626217749,surface,1
4,120,0.0037494553260444263,1,119.99625054467396,11.999188648168012,4.944598456887211,0.0,0.99496968115901,1344,12,6.761265266563843e-05,surface,1
4,135,0.004623311364895244,1,134.9953766886351,11.998517805560022,5.098447552151165,0.0,0.9950704486295792,1345,12,0.00012351620333150848,surface,1
4,150,0.003826327874094204,1,150.0038263278741,12.000085223398417,5.091885451485114,0.0,0.9954940687144805,1346,12,7.101949867971413e-06,surface,1
4,165,0.015595408401054556,1,165.01559540840105,11.998148696770505,5.065076078153687,0.0,0.9952754957330046,1347,12,0.000154275269124593,surface,1
4,0,0.032719656009902565,1,0.032719656009903966,15.998362642698455,5.2244379462131345,0.0,0.9979948222307911,1348,16,0.00010233483134658439,surface,1
4,15,0.0057747310620897,1,15.005774731062086,15.990531053671342,5.237238865217752,0.0,0.9975484357028842,1349,16,0.0005918091455411334,surface,1
4,30,0.007054235611690274,1,29.992945764388306,15.99848807635254,5.131710935895413,0.0,0.9975761153620175,1350,16,9.449522796622922e-05,surface,1
4,45,0.009021969969296606,1,44.990978030030696,15.99999427239112,5.193828363476116,0.0,0.9973031291991477,1351,16,3.5797555497651956e-07,surface,1
4,60,0.008293244093920293,1,60.00829324409392,15.997662056185339,5.100934819975396,0.0,0.9978790436765574,1352,16,0.00014612148841630646,surface,1
4,75,0.026183497393645894,1,74.97381650260635,15.995443031034416,5.14747564234397,0.0,0.9980802439938032,1353,16,0.00028481056034901364,surface,1
4,90,0.0068899258441348366,1,89.99311007415587,15.996162264105678,5.356563057547892,0.0,0.9974521211526514,1354,16,0.00023985849339513976,surface,1
4,105,0.026013528093614013,1,105.02601352809361,16.008032121139944,5.250213656454532,0.0,0.9974154682256171,1355,16,0.0005020075712465211,surface,1
4,120,0.01205992257526134,1,119.98794007742474,16.001211766351553,5.220518374322768,0.0,0.9978547264370545,1356,16,7.573539697203202e-05,surface,1
4,135,0.008561074626612708,1,134.9914389253734,15.998130253872368,5.205129364572096,0.0,0.9971834427317902,1357,16,0.00011685913297698747,surface,1
4,150,0.008557792934652753,1,150.00855779293465,16.001237942731038,5.242018759481805,0.0,0.9974046886656812,1358,16,7.737142068986458e-05,surface,1
4,165,0.0222758898907216,1,165.02227588989072,15.996459350781812,5.102245463798141,0.0,0.997416489287896,1359,16,0.00022129057613673453,surface,1
4,0,0.006410780898875146,1,0.006410780898873171,23.993905640024384,6.786713036397272,0.0,0.9978365748163291,1360,24,0.00025393166565068626,surface,1
4,15,0.0033465327205703943,1,15.003346532720577,23.995461703617163,6.710268839314003,0.0,0.9977635997595085,1361,24,0.00018909568261815668,surface,1
4,30,0.008831745923245649,1,29.99116825407675,24.006094417021725,6.76462608033879,0.0,0.9979956170434963,1362,24,0.00025393404257179064,surface,1
4,45,0.0006848459194657153,1,45.000684845919466,23.9995006948085,6.721339368729038,0.0,0.9975224349714277,1363,24,2.0804382979133784e-05,surface,1
4,60,0.017330472637382854,1,59.98266952736261,23.999002426298954,6.7166032773636735,0.0,0.9976383092440438,1364,24,4.1565570876866964e-05,surface,1
4,75,0.0033482056912816915,1,75.00334820569128,23.99720768159808,6.65346753856118,0.0,0.9975009733233411,1365,24,0.0001163466000799751,surface,1
4,90,0.005168679447919544,1,90.00516867944792,23.996295067205047,6.707728662026914,0.0,0.9970912528983271,1366,24,0.00015437219978975403,surface,1
4,105,0.0004511974754706216,1,105.00045119747547,24.00520138381306,6.550783890673632,0.0,0.9975387260487723,1367,24,0.00021672432554420418,surface,1
4,120,0.007778403261909261,1,120.00777840326191,23.987944415552082,6.651049335947491,0.0,0.9979800748225479,1368,24,0.0005023160186632403,surface,1
4,135,0.0039332467190718035,1,135.00393324671907,24.002055883552984,6.750158828265562,0.0,0.9975729804878389,1369,24,8.566181470759382e-05,surface,1
4,150,0.021407583167246003,1,150.02140758316725,23.99925294283765,6.640729721791254,0.0,0.9977920596609015,1370,24,3.112738176458407e-05,surface,1
4,165,0.0018531196429876218,1,165.001853119643,23.98924731219652,6.681526395871219,0.0,0.9980148230988655,1371,24,0.0004480286584782611,surface,1
4,0,0.0036519477064587136,1,0.003651947706458676,31.996794699298416,8.739832433313534,0.0,0.989272652743852,1372,32,0.00010016564692449936,surface,1
4,15,0.0073452390962529535,1,15.007345239096253,31.993325787382304,8.616459637015783,0.0,0.9886895441413774,1373,32,0.00020856914430300577,surface,1
4,30,0.00044917315008774494,1,30.000449173150088,32.004784854027925,8.512221762715527,0.0,0.9912228509176273,1374,32,0.0001495266883726476,surface,1
4,45,0.004622561773544476,1,45.004622561773544,32.000795954239656,8.548774831799156,0.0,0.9899604680411239,1375,32,2.4873569989258826e-05,surface,1
4,60,0.007132568995928068,1,59.992867431004065,31.990519368658845,8.409767274313301,0.0,0.9875821177317814,1376,32,0.00029626972941110274,surface,1
4,75,0.006237485897017336,1,75.00623748589702,31.994336346412492,8.3937349712963,0.0,0.9891775336874836,1377,32,0.00017698917460962083,surface,1
4,90,0.0031619970259839647,1,90.00316199702598,32.000951052283,8.765289174646426,0.0,0.9897341703798226,1378,32,2.9720383843745424e-05,surface,1
4,105,0.0009709542343045996,1,104.9990290457657,31.99700221129696,8.511564150506501,0.0,0.9894513774096346,1379,32,9.368089697003867e-05,surface,1
4,120,0.002930589412557083,1,120.00293058941256,31.995647530957307,8.433718908489503,0.0,0.989667423625981,1380,32,0.00013601465758417142,surface,1
4,135,0.007698395876445829,1,135.00769839587645,32.00059772673895,8.477833708637222,0.0,0.9901756446291905,1381,32,1.867896059226659e-05,surface,1
4,150,0.0023626586935847627,1,149.99763734130642,31.99950740825826,8.519648934676608,0.0,0.9896281419439972,1382,32,1.5393491929360792e-05,surface,1
4,165,0.013290912653701525,1,165.0132909126537,31.992820866690693,8.491196490644299,0.0,0.9884131690531744,1383,32,0.0002243479159158568,surface,1
4,0,0.003254540627679603,1,0.0032545406276759956,47.99821428786992,11.602966017100488,0.0,0.9886637794237789,1384,48,3.720233604331824e-05,surface,1
4,15,0.004568345564138099,1,15.004568345564143,47.9987883449456,11.214415322412872,0.0,0.9883376617995195,1385,48,2.524281363325276e-05,surface,1
4,30,0.001934906990612717,1,29.998065093009387,47.9958046856213,11.225668967920361,0.0,0.988520340640551,1386,48,8.740238288951208e-05,surface,1
4,45,0.0024421570395389836,1,44.99755784296046,48.004865286186146,11.386024597427506,0.0,0.9892503710480196,1387,48,0.00010136012887795864,surface,1
4,60,0.00046383609689826244,1,60.0004638360969,47.99881584520842,11.183353615495573,0.0,0.9890113233580792,1388,48,2.4669891491302387e-05,surface,1
4,75,0.0005900238317764206,1,75.00059002383178,48.00460936197087,11.296582663546808,0.0,0.9893884923894808,1389,48,9.602837439315337e-05,surface,1
4,90,0.004269296010278367,1,90.00426929601028,47.991239117853745,11.589969846559631,0.0,0.9866549810470963,1390,48,0.00018251837804694748,surface,1
4,105,0.006638985380988061,1,104.99336101461901,47.99755814240787,11.324641371283377,0.0,0.9880086573956749,1391,48,5.087203316944677e-05,surface,1
4,120,0.004734184452132695,1,119.99526581554787,47.998034479572446,11.210529816142392,0.0,0.9880026296908843,1392,48,4.094834224066535e-05,surface,1
4,135,0.00441822195685404,1,134.99558177804315,47.997919591739304,11.039126568853362,0.0,0.9875969378052888,1393,48,4.334183876453235e-05,surface,1
4,150,0.002859350848154918,1,149.99714064915185,47.99989663174712,11.079543122742837,0.0,0.9888596794184127,1394,48,2.1535052683319122e-06,surface,1
4,165,0.008964737747191975,1,164.9910352622528,47.996892356904006,11.241193565027281,0.0,0.9884568441838032,1395,48,6.474256449984228e-05,surface,1
4,0,0.0014054817464739244,1,179.9985945182535,63.98449335676711,14.22636137932404,0.0,0.9923210040330708,1396,64,0.00024229130051389713,surface,1
4,15,0.0011898686704228112,1,15.001189868670417,63.986338919128784,13.103251890962184,0.0,0.9909607428173793,1397,64,0.0002134543886127549,surface,1
4,30,0.0014001486018599962,1,29.998599851398136,63.98801088599361,13.377595383547973,0.0,0.9908220570102503,1398,64,0.00018732990634984237,surface,1
4,45,0.00324923330647664,1,44.99675076669352,63.987502571095526,12.991458602088361,0.0,0.9903757519172778,1399,64,0.0001952723266324119,surface,1
4,60,5.6526881792251515e-05,1,60.0000565268818,63.99384181766483,13.217882581093901,0.0,0.9901521283338997,1400,64,9.622159898703408e-05,surface,1
4,75,0.00021811775165758718,1,75.00021811775166,63.984933212565096,13.382194277617199,0.0,0.9907909829835652,1401,64,0.00023541855367037456,surface,1
4,90,0.005641034005989809,1,90.00564103400599,63.97882671212285,13.92331985107667,0.0,0.9925891573738579,1402,64,0.0003308326230804237,surface,1
4,105,0.0025099133600434698,1,104.99749008663996,63.99139528088367,13.576901542940838,0.0,0.9902901523851634,1403,64,0.0001344487361926161,surface,1
4,120,0.001453634504883894,1,120.00145363450488,63.98773205062529,13.198905480975986,0.0,0.9918978876090965,1404,64,0.00019168670897984352,surface,1
4,135,0.0007405556968649307,1,135.00074055569686,64.00077375178157,12.88696624994283,0.0,0.9877152003292761,1405,64,1.2089871586962175e-05,surface,1
4,150,0.0017999211576125163,1,150.0017999211576,63.98711621508549,12.901195056550172,0.0,0.9901453063947409,1406,64,0.00020130913928917415,surface,1
4,165,0.001159946261566347,1,164.99884005373843,63.985730251345444,13.40016161349001,0.0,0.9912761785975605,1407,64,0.0002229648227274339,surface,1
20,0,0.05359428265376209,1,179.94640571734624,0.29970617203872685,3.5652482335779796,0.0,0.9600882024759932,1408,0.3,0.0009794265375770994,random,1
20,15,0.01679823591064178,1,15.016798235910636,0.2999446539772069,3.4853422812128523,0.0,0.9606642064727647,1409,0.3,0.000184486742643708,random,1
20,30,0.008070172944414367,1,30.008070172944418,0.2999798559832316,3.4956589602006622,0.0,0.9642792755751884,1410,0.3,6.714672256125098e-05,random,1
20,45,0.012116938019232748,1,45.01211693801923,0.2997046600301587,3.431782235508869,0.0,0.9641357391656898,1411,0.3,0.0009844665661375984,random,1
20,60,0.02162110552529839,1,59.97837889447471,0.2997725989160895,3.4364440565117933,0.0,0.9636857321032668,1412,0.3,0.0007580036130350187,random,1
20,75,0.003963806939950132,1,75.00396380693995,0.29986275650702415,3.509417414906276,0.0,0.9584510846054771,1413,0.3,0.0004574783099194901,random,1
20,90,0.03999464963246169,1,89.96000535036754,0.30010035182678607,3.531626757518906,0.0,0.9615495928732629,1414,0.3,0.0003345060892869789,random,1
20,105,0.007401202601215573,1,105.00740120260122,0.2998116663315083,3.5136583161293906,0.0,0.9608940876793743,1415,0.3,0.0006277788949723417,random,1
20,120,0.008752554626880737,1,119.99124744537312,0.2999561339534784,3.429883065884143,0.0,0.9683842478761961,1416,0.3,0.00014622015507192998,random,1
20,135,0.015601710782220835,1,134.98439828921778,0.2999152896741972,3.443675839928856,0.0,0.9579141167750607,1417,0.3,0.00028236775267587166,random,1
20,150,0.012127167318794818,1,150.0121271673188,0.30001770922132454,3.4617725504647145,0.0,0.963716534152527,1418,0.3,5.9030737748599904e-05,random,1
20,165,0.0029081947599820523,1,165.00290819475998,0.2999216947473795,3.437648870235931,0.0,0.9625104116027069,1419,0.3,0.0002610175087349731,random,1
20,0,0.01799936523445922,1,179.9820006347655,0.4000395659258576,4.238211037499562,0.0,0.9371619056594611,1420,0.4,9.89148146439689e-05,random,1
20,15,0.013547891263669953,1,14.986452108736326,0.39988646626131225,4.093085361864727,0.0,0.9405628996311433,1421,0.4,0.00028383434671941377,random,1
20,30,0.013385044987643369,1,30.013385044987636,0.4000760551212423,4.131689982714529,0.0,0.9410578679975495,1422,0.4,0.0001901378031057277,random,1
20,45,0.014751907733739245,1,44.98524809226627,0.3996315838777178,4.1383783374689385,0.0,0.9435328914864743,1423,0.4,0.0009210403057055006,random,1
20,60,0.016171883643522733,1,59.98382811635648,0.40003689085944477,4.112358473721895,0.0,0.9357263664580701,1424,0.4,9.222714861190084e-05,random,1
20,75,0.013937330412176152,1,75.01393733041218,0.39995986743558154,4.172169761736026,0.0,0.9339916687654939,1425,0.4,0.00010033141104615062,random,1
20,90,0.0057954147784755605,1,89.99420458522152,0.4000535554264086,4.256448297010269,0.0,0.9367257092818847,1426,0.4,0.00013388856602136734,random,1
20,105,0.016964747978789774,1,105.01696474797879,0.39990929563974786,4.204353812432077,0.0,0.9349432551239004,1427,0.4,0.0002267609006303406,random,1
20,120,0.03677808521000259,1,119.96322191479,0.39975893119503403,4.155454585642943,0.0,0.9361596262603913,1428,0.4,0.0006026720124149287,random,1
20,135,0.005147985884860873,1,134.99485201411514,0.39961553616149553,4.088105565510135,0.0,0.9369060582414015,1429,0.4,0.0009611595962611963,random,1
20,150,0.005239378513834936,1,149.99476062148617,0.399973171961439,4.109422498867205,0.0,0.9413743359398523,1430,0.4,6.70700964024995e-05,random,1
20,165,0.019037106297332684,1,165.01903710629733,0.3997968756961154,4.150385721849086,0.0,0.9387702022406593,1431,0.4,0.0005078107597116244,random,1
20,0,0.012478407055652951,1,179.98752159294435,0.49946130064934813,4.884099806561529,0.0,0.9136498297906682,1432,0.5,0.0010773987013037445,random,1
20,15,0.00521527504851349,1,15.005215275048512,0.4997442985265063,4.682163379951663,0.0,0.9225742324841187,1433,0.5,0.0005114029469873715,random,1
20,30,0.014554021471710143,1,30.014554021471714,0.4997566016556582,4.731188244772362,0.0,0.9263531212785419,1434,0.5,0.0004867966886835662,random,1
20,45,0.009552079253694501,1,45.009552079253695,0.4999218087348868,4.660053632604409,0.0,0.9156045103191259,1435,0.5,0.00015638253022642878,random,1
20,60,0.008636308937298054,1,59.991363691062695,0.4996646062191364,4.718756161789773,0.0,0.9162639539232523,1436,0.5,0.0006707875617272263,random,1
20,75,0.008676716449954824,1,75.00867671644995,0.4994663435456164,4.7236433164447265,0.0,0.917940044012888,1437,0.5,0.0010673129087671596,random,1
20,90,0.020102285264258057,1,90.02010228526426,0.4997665890774018,4.859622812232136,0.0,0.9187681649660098,1438,0.5,0.000466821845196419,random,1
20,105,0.010336983819144052,1,105.01033698381914,0.4997042979999965,4.675870897514487,0.0,0.916482263940068,1439,0.5,0.000591404000007012,random,1
20,120,0.011284566210861158,1,119.98871543378914,0.49958701478543305,4.748541449227734,0.0,0.9189172423123939,1440,0.5,0.0008259704291339043,random,1
20,135,0.01721063336768225,1,134.98278936663232,0.49957049001737547,4.619656553754083,0.0,0.9214523956564883,1441,0.5,0.0008590199652490638,random,1
20,150,0.0034703488909997304,1,149.996529651109,0.4996755578634431,4.754206671399824,0.0,0.9195692898787712,1442,0.5,0.0006488842731138256,random,1
20,165,0.0038404130354479094,1,165.00384041303545,0.499656591258197,4.7257730503284066,0.0,0.9166430208373426,1443,0.5,0.0006868174836059948,random,1
20,0,0.007900978838222272,1,0.007900978838226219,0.6996419740022577,5.513545362878082,0.0,0.8788313114905363,1444,0.7,0.0005114657110604215,random,1
20,15,0.019809512741971957,1,15.019809512741977,0.6998915568925755,5.353509158052289,0.0,0.8901778492772694,1445,0.7,0.00015491872489203917,random,1
20,30,0.02512623842082462,1,30.025126238420828,0.7000173248828175,5.27391518067125,0.0,0.908027025402237,1446,0.7,2.4749832596482335e-05,random,1
20,45,0.0064299593120296095,1,44.99357004068797,0.6998033739090407,5.3510772044889485,0.0,0.8858273442642121,1447,0.7,0.00028089441565615214,random,1
20,60,0.01693914431001531,1,59.98306085568998,0.6998121402123507,5.349369375273199,0.0,0.8998306632811619,1448,0.7,0.00026837112521316264,random,1
20,75,0.017603523263773013,1,75.01760352326377,0.7003512425116426,5.284736421768035,0.0,0.8943190168953437,1449,0.7,0.0005017750166322887,random,1
20,90,0.00500152262314657,1,89.99499847737685,0.6998380267629937,5.575030096397648,0.0,0.8923463572599665,1450,0.7,0.00023139033858043945,random,1
20,105,0.003079950034887702,1,105.00307995003489,0.6999420756447154,5.375038443982113,0.0,0.8891456855546003,1451,0.7,8.274907897787287e-05,random,1
20,120,0.0017939488491975908,1,120.0017939488492,0.6996368922874178,5.358529688367065,0.0,0.8856967957955237,1452,0.7,0.000518725303688794,random,1
20,135,0.000867963131270244,1,134.99913203686873,0.699798748266551,5.27568040738848,0.0,0.8893692658158513,1453,0.7,0.00028750247635567217,random,1
20,150,0.028492298448014708,1,150.02849229844801,0.6997052006780551,5.279053468115637,0.0,0.8921731084836583,1454,0.7,0.00042114188849262657,random,1
20,165,0.005059774364525538,1,165.00505977436453,0.6995720726764298,5.327558742589229,0.0,0.8964964311051956,1455,0.7,0.0006113247479573314,random,1
20,0,0.011062153809234587,1,0.011062153809229088,0.9995574336972037,6.215600552849223,0.0,0.8433520689196927,1456,1,0.00044256630279626563,random,1
20,15,0.004604155150602196,1,15.004604155150608,0.9999582244472298,6.055211946943324,0.0,0.8534600966327417,1457,1,4.177555277018463e-05,random,1
20,30,0.005004748757968969,1,29.994995251242035,0.9996393441542898,5.977371434438075,0.0,0.8488463609725929,1458,1,0.0003606558457102116,random,1
20,45,0.016564817199196114,1,44.98343518280081,0.9995771888126179,5.9733390018170756,0.0,0.8490156510993301,1459,1,0.00042281118738207724,random,1
20,60,3.533330277605273e-05,1,60.00003533330277,0.9998071497021191,6.115644155800475,0.0,0.8461117423570949,1460,1,0.00019285029788085328,random,1
20,75,0.0009970126775300514,1,75.00099701267753,1.0003015263763262,6.19739543776644,0.0,0.8464285575558411,1461,1,0.00030152637632618884,random,1
20,90,0.004246027790088647,1,90.00424602779009,0.9998193526447925,6.335882662085518,0.0,0.8507030589312984,1462,1,0.0001806473552075083,random,1
20,105,0.00824911819773888,1,104.99175088180226,1.0001944415860324,6.032382007988961,0.0,0.8519920444604232,1463,1,0.00019444158603243444,random,1
20,120,0.007279924383453817,1,120.00727992438345,0.9993018965515706,5.991902841968604,0.0,0.8595600688369773,1464,1,0.0006981034484293547,random,1
20,135,0.0016427489188401978,1,134.99835725108116,0.9999961118823006,6.021557443974204,0.0,0.8682552327876897,1465,1,3.888117699357707e-06,random,1
20,150,0.020919263022079804,1,150.02091926302208,0.9998092535812785,6.120335345379801,0.0,0.8560228689399426,1466,1,0.00019074641872152132,random,1
20,165,0.007880226845884408,1,165.00788022684588,0.9997297680438342,6.021108379605049,0.0,0.8625797271576889,1467,1,0.00027023195616582285,random,1
20,0,0.0035474406756179633,1,0.00354744067561793,1.4995550597061131,6.373254908385838,0.0,0.8220267057631947,1468,1.5,0.0002966268625912427,random,1
20,15,0.005828384400004438,1,15.005828384400006,1.4993281266569913,6.188330530752876,0.0,0.8305338876760296,1469,1.5,0.0004479155620057407,random,1
20,30,0.003955532539151818,1,29.996044467460848,1.4998131150688605,6.087195762804017,0.0,0.8504180828443135,1470,1.5,0.00012458995409303508,random,1
20,45,0.0024895429205855635,1,45.002489542920586,1.499758205618982,6.4038849937340565,0.0,0.841369212278824,1471,1.5,0.0001611962540120082,random,1
20,60,0.007450757275336173,1,60.00745075727533,1.4998633963771624,6.24271187496216,0.0,0.8338066672524289,1472,1.5,9.106908189171481e-05,random,1
20,75,0.00027922824143900016,1,75.00027922824144,1.4993060363259036,6.427501448301238,0.0,0.8329157549567523,1473,1.5,0.0004626424493975323,random,1
20,90,0.010632025127947031,1,90.01063202512795,1.4994613801050143,6.512434903597932,0.0,0.8442935910701035,1474,1.5,0.0003590799299905134,random,1
20,105,0.0011825464431041155,1,105.0011825464431,1.499811510507871,6.153518108381167,0.0,0.8632739342184776,1475,1.5,0.0001256596614193084,random,1
20,120,0.014034034242342841,1,120.01403403424234,1.49997699707375,6.072864614288412,0.0,0.8478232397186838,1476,1.5,1.5335284166639873e-05,random,1
20,135,0.007354350706862078,1,135.00735435070686,1.4993714144892283,6.2474927721624915,0.0,0.8412635096124651,1477,1.5,0.000419057007181145,random,1
20,150,0.0016691105155075547,1,149.9983308894845,1.4994525438460988,6.149385519333583,0.0,0.8551926435120518,1478,1.5,0.00036497076926744754,random,1
20,165,0.013402243974070416,1,165.01340224397407,1.4995323332835557,6.011996860957349,0.0,0.84356987390565,1479,1.5,0.00031177781096281,random,1
20,0,0.01607133101167335,1,0.01607133101166945,1.999292698936625,5.74821085038625,0.0,0.9017629275378171,1480,2,0.00035365053168745497,random,1
20,15,0.003595941300403638,1,14.996404058699596,1.9999000887024088,5.370660658547916,0.0,0.8973959536676561,1481,2,4.995564879561876e-05,random,1
20,30,0.005680759279357517,1,30.005680759279358,1.999285824786403,5.520440814411097,0.0,0.8988030233272581,1482,2,0.000357087606798534,random,1
20,45,0.006898623468543974,1,44.993101376531456,1.9997153832661527,5.442839255747816,0.0,0.8920580682518607,1483,2,0.00014230836692363802,random,1
20,60,0.008855396439514607,1,59.99114460356049,2.0004639914457045,5.196289100776252,0.0,0.8927919231977479,1484,2,0.0002319957228522629,random,1
20,75,0.0064839252700608085,1,74.99351607472994,1.9993046420569018,5.300225373473898,0.0,0.911549406684136,1485,2,0.00034767897154908134,random,1
20,90,0.010343776728973353,1,90.01034377672897,2.0000961573697666,5.780288686086726,0.0,0.8711597382791695,1486,2,4.8078684883323675e-05,random,1
20,105,0.0018441968973235134,1,104.99815580310268,1.9993245477425006,5.47368477226368,0.0,0.9093622641387245,1487,2,0.00033772612874971575,random,1
20,120,0.009213423193500603,1,120.0092134231935,1.9991105455541236,5.374566092807879,0.0,0.8936821095100166,1488,2,0.00044472722293820155,random,1
20,135,0.01386032690837169,1,135.01386032690837,1.9996866302073757,5.394058235490288,0.0,0.9028607569326322,1489,2,0.00015668489631215365,random,1
20,150,0.0026635529592908824,1,149.9973364470407,1.9987151378435803,5.423676407450198,0.0,0.8921139999742241,1490,2,0.0006424310782098264,random,1
20,165,0.012909202893041538,1,165.01290920289304,1.9992955981924343,5.371379570378136,0.0,0.8996781635350499,1491,2,0.00035220090378285107,random,1
20,0,0.0024440523374664735,1,179.99755594766253,3.0003414480308566,3.564735594537453,0.0,0.9799851819911508,1492,3,0.00011381601028559452,random,1
20,15,0.009441349039988722,1,14.990558650960015,3.001267795585719,3.2207053448456797,0.0,0.9795569701633268,1493,3,0.00042259852857307045,random,1
20,30,0.0036824952145479983,1,30.003682495214544,3.000525073712989,3.3163780491189594,0.0,0.979532035463944,1494,3,0.0001750245709963849,random,1
20,45,0.0046246387477708595,1,44.99537536125223,2.999272957820524,3.4714415860078933,0.0,0.9782614828734282,1495,3,0.0002423473931586484,random,1
20,60,0.004273433708064545,1,59.995726566291935,3.000358424993831,3.198988652974824,0.0,0.9793044348919697,1496,3,0.00011947499794362493,random,1
20,75,0.008786553501565209,1,74.99121344649843,3.000298990081235,3.2853601301103112,0.0,0.9787222390244158,1497,3,9.966336041178359e-05,random,1
20,90,0.013413109166165782,1,89.98658689083383,3.000410001315221,3.709664703984401,0.0,0.9800534997394219,1498,3,0.00013666710507354018,random,1
20,105,0.0014467171518504074,1,105.00144671715185,2.999741200559592,3.2614241388405154,0.0,0.9814481795940636,1499,3,8.626648013609906e-05,random,1
20,120,0.0034553889307602503,1,119.99654461106924,3.000894803420334,3.3400258679990475,0.0,0.9820504659049157,1500,3,0.00029826780677799647,random,1
20,135,0.016438355057232457,1,135.01643835505723,3.000440229012146,3.4387408607076426,0.0,0.9786069710613392,1501,3,0.00014674300404871055,random,1
20,150,0.0020416778717162742,1,149.99795832212828,2.9979911792784506,3.4061913227298497,0.0,0.9816959113150436,1502,3,0.0006696069071830957,random,1
20,165,0.01553204165819011,1,165.0155320416582,3.0006299693682386,3.2734582007470485,0.0,0.9814164882964124,1503,3,0.0002099897894127789,random,1
20,0,0.0416304985482725,1,179.95836950145173,3.9987044067620086,2.4435531073842096,0.0,0.9823089212728642,1504,4,0.0003238983094978609,random,1
20,15,0.04914590624181869,1,15.049145906241812,3.9988215222999495,2.32628632479817,0.0,0.9787838322009638,1505,4,0.00029461942501263216,random,1
20,30,0.04835264896399849,1,29.95164735103601,3.998792029378318,2.401402253623741,0.0,0.980114218980691,1506,4,0.00030199265542052434,random,1
20,45,0.042527118518108864,1,44.95747288148189,3.9992705063069813,2.454948072802823,0.0,0.978172976782486,1507,4,0.000182373423254667,random,1
20,60,0.02781319034760088,1,59.9721868096524,3.9980921928349904,2.273731545381706,0.0,0.979330253289482,1508,4,0.00047695179125240017,random,1
20,75,0.024631034980558297,1,74.97536896501944,4.001478301220028,2.309259623001095,0.0,0.9814015482970873,1509,4,0.0003695753050070305,random,1
20,90,0.0758252339754506,1,89.92417476602455,4.003101370427275,2.4146175592952788,0.0,0.9791979980002574,1510,4,0.0007753426068186631,random,1
20,105,0.004187969434127581,1,104.99581203056587,4.000847148119346,2.3466391591618176,0.0,0.9808263824200739,1511,4,0.00021178702983659647,random,1
20,120,0.004805711495208698,1,119.99519428850479,3.997392162655583,2.3552203991713663,0.0,0.981054655871954,1512,4,0.0006519593361042908,random,1
20,135,0.07423204415169948,1,134.9257679558483,4.0009128592333,2.369030026051756,0.0,0.9819913913416007,1513,4,0.0002282148083250224,random,1
20,150,0.05271294801974591,1,150.05271294801975,3.9955133012547175,2.3365712473386404,0.0,0.9794271757022953,1514,4,0.0011216746863206284,random,1
20,165,0.041584767409233336,1,164.95841523259077,3.998901906389402,2.259571684618257,0.0,0.9808660976962795,1515,4,0.00027452340264955133,random,1
20,0,0.007387738328588966,1,179.9926122616714,6.000734748578499,3.146448281492005,0.0,0.9862267714745662,1516,6,0.00012245809641653338,random,1
20,15,0.014490553713599752,1,14.985509446286397,5.9975635049762595,3.1521290079846693,0.0,0.9835594210695556,1517,6,0.000406082503956795,random,1
20,30,0.039614780476711076,1,30.039614780476715,5.999756490580729,3.141469252487665,0.0,0.9858907879334484,1518,6,4.058490321190433e-05,random,1
20,45,0.06990783212100382,1,45.06990783212101,5.999093480693855,3.1087325600173092,0.0,0.9851361015331833,1519,6,0.00015108655102424873,random,1
20,60,0.06726494630780167,1,60.0672649463078,6.0008098776642695,3.0728955609782425,0.0,0.9849905919968153,1520,6,0.00013497961071151643,random,1
20,75,0.024278261391202705,1,75.0242782613912,5.999409286837164,3.1284222643767126,0.0,0.9835569520971654,1521,6,9.84521938059979e-05,random,1
20,90,0.036795239640639466,1,89.96320476035936,5.999712517273121,3.1652600095665444,0.0,0.985159487961954,1522,6,4.791378781321409e-05,random,1
20,105,0.049662931157541834,1,104.95033706884246,6.001500286251629,3.0730468906092345,0.0,0.9853590703621121,1523,6,0.00025004770860470593,random,1
20,120,0.053712976360344555,1,120.05371297636034,5.999660168048784,3.095119919300134,0.0,0.9857780051582975,1524,6,5.663865853600125e-05,random,1
20,135,0.06361164061462432,1,135.06361164061462,6.000409224068578,3.032774265172446,0.0,0.9859614065586073,1525,6,6.820401142970667e-05,random,1
20,150,0.06299130648451978,1,149.93700869351548,5.999418859789775,2.98459253610602,0.0,0.984171357983576,1526,6,9.685670170422878e-05,random,1
20,165,0.018745225943945343,1,165.01874522594395,6.001174946304674,3.0739856989619825,0.0,0.9839622944743527,1527,6,0.00019582438411247516,random,1
20,0,0.022970506188940476,1,0.02297050618894472,7.996616957981592,4.021754998146386,0.0,0.9831287761146109,1528,8,0.00042288025230097226,random,1
20,15,0.009802299492363886,1,15.009802299492367,7.999911221289701,3.8467638793994325,0.0,0.9829806060203471,1529,8,1.1097338787346978e-05,random,1
20,30,0.0085786548599458,1,30.00857865485994,7.999768863623114,3.984076797509686,0.0,0.9814339940715489,1530,8,2.889204711076232e-05,random,1
20,45,0.014490153056840427,1,44.98550984694317,7.998531552721823,4.006789330310344,0.0,0.9840232968370692,1531,8,0.00018355590977214842,random,1
20,60,0.005348628084647089,1,60.005348628084654,8.00020767563253,3.9833677068941866,0.0,0.9819929134708805,1532,8,2.595945406635991e-05,random,1
20,75,0.02718108990623591,1,74.97281891009376,7.998896825410931,3.985662576664836,0.0,0.9848639876584405,1533,8,0.00013789682363363198,random,1
20,90,0.007814429008774937,1,89.99218557099123,8.000015751910505,3.973334240358322,0.0,0.9846491742613837,1534,8,1.9689888131058098e-06,random,1
20,105,0.011595613697195972,1,104.9884043863028,8.000805156420325,3.935192558555811,0.0,0.9841249591434847,1535,8,0.00010064455254066296,random,1
20,120,0.023515078559867675,1,119.97648492144013,7.998715293099926,3.9413620581799385,0.0,0.9833062383910239,1536,8,0.00016058836250920638,random,1
20,135,0.01964530775592266,1,135.01964530775592,7.99971907558337,3.9533319252712,0.0,0.9855267901309254,1537,8,3.511555207880157e-05,random,1
20,150,0.0025215089891901243,1,150.0025215089892,7.995512261985987,3.9189647151103517,0.0,0.9822995720393293,1538,8,0.0005609672517515873,random,1
20,165,0.007270507493046807,1,165.00727050749305,7.997271247196383,3.8911873169718167,0.0,0.9838577560016195,1539,8,0.00034109410045213284,random,1
20,0,0.0039502913405016216,1,0.003950291340500551,12.001737454823092,5.543151671654042,0.0,0.9876416678296708,1540,12,0.00014478790192429258,random,1
20,15,0.010047812775212606,1,14.989952187224794,12.000339648347397,5.389096569161811,0.0,0.9850281795674564,1541,12,2.8304028949710514e-05,random,1
20,30,0.002814570766219049,1,29.997185429233774,11.998449421695407,5.460964909589273,0.0,0.9856348426863636,1542,12,0.00012921485871608684,random,1
20,45,0.016632743093310864,1,44.98336725690669,11.999036312469993,5.41651307283141,0.0,0.986973037256715,1543,12,8.030729416719229e-05,random,1
20,60,0.009934169321411446,1,59.990065830678596,12.00011414659241,5.36664492860199,0.0,0.985378106967372,1544,12,9.512216034179843e-06,random,1
20,75,0.010603863850406015,1,74.9893961361496,11.998306101655292,5.3938046891250195,0.0,0.9844830728303874,1545,12,0.00014115819539239904,random,1
20,90,0.00921294313532428,1,89.99078705686468,11.99779625912157,5.433109260927929,0.0,0.9860315469401223,1546,12,0.00018364507320256518,random,1
20,105,0.004096792967914098,1,105.00409679296791,12.002371345771392,5.4745341543802475,0.0,0.9858119009231391,1547,12,0.00019761214761593315,random,1
20,120,0.011143507928551344,1,119.98885649207145,11.997165080737327,5.413905402554192,0.0,0.9859696317837175,1548,12,0.00023624327188942473,random,1
20,135,0.010543829682148953,1,134.98945617031785,11.996740468901217,5.4068281586906135,0.0,0.9856483318094651,1549,12,0.00027162759156518224,random,1
20,150,0.0022935167972093495,1,150.0022935167972,12.002247291661208,5.529496157204102,0.0,0.9882379741753841,1550,12,0.00018727430510057097,random,1
20,165,0.0014798298452376457,1,164.99852017015476,11.997282136233485,5.463712054942936,0.0,0.9859522439861975,1551,12,0.00022648864720953288,random,1
20,0,0.04100648649443883,1,179.95899351350553,0.09981540572870645,1.70815469423178,0.0,0.9908695578850673,1552,0.1,0.0018459427129354777,random,1
20,15,0.03517472820928447,1,14.964825271790719,0.09979947556605126,1.623217852363627,0.0,0.9894037629392831,1553,0.1,0.0020052443394874553,random,1
20,30,0.21905899337895107,1,29.780941006621056,0.09999583215865113,1.6013837641955144,0.0,0.990835079569511,1554,0.1,4.16784134887882e-05,random,1
20,45,0.05162100778133549,1,44.948378992218665,0.09998420909269903,1.6702220304965916,0.0,0.9909750944665937,1555,0.1,0.000157909073009721,random,1
20,60,0.16218054207372745,1,59.83781945792627,0.09978140921367765,1.6710517764644879,0.0,0.9908138800676539,1556,0.1,0.0021859078632235907,random,1
20,75,0.2815481619950475,1,75.28154816199505,0.09992183055466765,1.5797953312682276,0.0,0.9908051163388255,1557,0.1,0.0007816944533235448,random,1
20,90,0.0020782603677957923,1,89.9979217396322,0.10001788954279335,1.7062656514178156,0.0,0.98957339840636,1558,0.1,0.00017889542793336766,random,1
20,105,0.7819388261382585,1,105.78193882613826,0.10011577615249041,1.564813995415248,0.0,0.9943066644538973,1559,0.1,0.0011577615249040996,random,1
20,120,0.0967146312935796,1,120.09671463129358,0.10001793849349848,1.5782486296256102,0.0,0.991323790477966,1560,0.1,0.00017938493498470542,random,1
20,135,0.001574560979264561,1,135.00157456097926,0.09992116912224179,1.588227083420511,0.0,0.991447839950385,1561,0.1,0.0007883087775821807,random,1
20,150,0.5268646812032216,1,150.52686468120322,0.10002846887432894,1.5789951333760277,0.0,0.9927339497070813,1562,0.1,0.0002846887432892409,random,1
20,165,0.02992090644514178,1,165.02992090644514,0.09987666456877917,1.705218060672793,0.0,0.9917409974599594,1563,0.1,0.00123335431220839,random,1
20,0,0.039037706293129304,1,179.9609622937069,0.14997958766017774,2.265041697300054,0.0,0.9856919479945887,1564,0.15,0.00013608226548167401,random,1
20,15,0.06668820542201104,1,14.93331179457799,0.14987085360140343,2.0877099426653167,0.0,0.9879796058660527,1565,0.15,0.0008609759906438308,random,1
20,30,0.0011431206031318197,1,29.998856879396868,0.14994633006912128,2.1730368012054835,0.0,0.9866737457585847,1566,0.15,0.00035779953919146124,random,1
20,45,0.00931238860543715,1,44.99068761139456,0.14999557386785106,2.1837254103698975,0.0,0.988193134477825,1567,0.15,2.9507547659513023e-05,random,1
20,60,0.05982364713375432,1,59.94017635286624,0.14986248725446197,2.1844359306150367,0.0,0.9853828005398308,1568,0.15,0.0009167516369201767,random,1
20,75,0.005052951811393314,1,75.0050529518114,0.14995928396406472,2.1956700195713017,0.0,0.9853327593310828,1569,0.15,0.00027144023956848784,random,1
20,90,0.004535866342507688,1,90.00453586634251,0.14991946723009805,2.2595545390118312,0.0,0.9852148113167265,1570,0.15,0.0005368851326795765,random,1
20,105,0.01364815835327704,1,105.01364815835328,0.15010199862319304,2.1091836494483753,0.0,0.9842063222202232,1571,0.15,0.000679990821286891,random,1
20,120,0.16485423079892314,1,120.16485423079892,0.14990328807226186,2.06795426580432,0.0,0.9890335977354247,1572,0.15,0.0006447461849209413,random,1
20,135,0.07461883498359612,1,134.9253811650164,0.15010258534343507,2.21022778256907,0.0,0.9869087067950137,1573,0.15,0.0006839022895672731,random,1
20,150,0.04869322144855914,1,149.95130677855144,0.15009970406971726,2.1830035344143806,0.0,0.9867522735420821,1574,0.15,0.000664693798115179,random,1
20,165,0.054509540784209776,1,165.0545095407842,0.15009076832892693,2.170324635492957,0.0,0.9843646659228175,1575,0.15,0.0006051221928462525,random,1
20,0,0.01515131461124497,1,0.015151314611242665,0.20004842137153003,2.6882494384020834,0.0,0.9774832708534844,1576,0.2,0.00024210685765013729,random,1
20,15,0.024664784519842442,1,14.975335215480163,0.19988599747526536,2.6467805808503297,0.0,0.9801927912608484,1577,0.2,0.0005700126236731773,random,1
20,30,0.041210552305329884,1,29.95878944769467,0.19984885945053846,2.5523746162256655,0.0,0.9793642634024534,1578,0.2,0.0007557027473077405,random,1
20,45,0.0026721275128522848,1,45.002672127512845,0.1996823986159673,2.6668101244339892,0.0,0.9811356159954964,1579,0.2,0.0015880069201635871,random,1
20,60,0.018375350630066123,1,60.01837535063007,0.19999832943118204,2.6409019359090053,0.0,0.9802704094641754,1580,0.2,8.352844089842826e-06,random,1
20,75,0.017019375475825882,1,75.01701937547583,0.20003527681102817,2.616525477592228,0.0,0.9827468068540164,1581,0.2,0.00017638405514075473,random,1
20,90,0.06762697980214227,1,90.06762697980214,0.20010857434356247,2.6980265929163885,0.0,0.9823059423866586,1582,0.2,0.0005428717178121989,random,1
20,105,0.10010542501245823,1,105.10010542501246,0.20000986633709608,2.5889907431011063,0.0,0.9781801554999979,1583,0.2,4.933168548038047e-05,random,1
20,120,0.001508431631847884,1,120.00150843163185,0.19976764330961855,2.648521612271405,0.0,0.9809186179820754,1584,0.2,0.0011617834519073167,random,1
20,135,0.025443305438301422,1,134.9745566945617,0.20008782448012816,2.4900127863702504,0.0,0.9808498709781716,1585,0.2,0.0004391224006408123,random,1
20,150,0.09811463695879752,1,149.9018853630412,0.19995988391808864,2.636046399886533,0.0,0.9821820338743468,1586,0.2,0.00020058040955683865,random,1
20,165,0.032083487496834096,1,164.96791651250317,0.20001446620538563,2.529030959691729,0.0,0.9836653819699896,1587,0.2,7.233102692816296e-05,random,1
