dx,dy,est_speed,quality,recording,step,valid,window
-2.922702428027833,-2.780468943130586,,,vid2,1,,
-3.9104043664870005,-1.9847307005317134,,,vid2,2,,
-3.762263203019188,-1.9768751060896648,,,vid2,3,,
-2.2321360801519177,-2.0102453526053523,,,vid2,4,,
-2.9152058082696612,-1.262801996217945,,,vid2,5,,
-4.076253586137227,-1.7995442034750795,,,vid2,6,,
-6.226444180453882,-2.009562893653083,,,vid2,7,,
-7.930064248782628,-2.152361607521925,,,vid2,8,,
-6.413740303991176,-1.9432290447302876,,,vid2,9,,
,,4.367376190152936,0.22702610523957759,vid2,,0,1-9
,,5.132002276720839,0.26414475649470315,vid2,,0,2-10
-2.002664159337087,-4.125213760541101,,,vid3,1,,
-1.1032213862280287,-4.839328552698703,,,vid3,2,,
-2.013146567399531,-5.9380530658422686,,,vid3,3,,
-2.0844523434618623,-8.039665048368192,,,vid3,4,,
-0.30141108518404014,-11.904081779326589,,,vid3,5,,
2.9603215797851767,-14.893221712929403,,,vid3,6,,
0.8754983978063791,-11.081622042877143,,,vid3,7,,
-1.8072083566446508,-17.932224675390444,,,vid3,8,,
0.006185438495980755,-17.947491266708994,,,vid3,9,,
,,1.8459391014795483,0.23393397696659934,vid3,,0,1-9
,,0.9203491562705249,0.2594064136516078,vid3,,0,2-10
-0.0804936876141102,5.853946012806177,,,vid4,1,,
1.9182905818007114,5.8267149064097365,,,vid4,2,,
1.138204666988029,4.800961141707319,,,vid4,3,,
-0.045656669961371965,3.9323411675787194,,,vid4,4,,
-0.027462056778058446,2.00328690947237,,,vid4,5,,
0.947425089506374,1.3252528963768553,,,vid4,6,,
1.8201053986695654,2.2914751455643176,,,vid4,7,,
1.924051186017957,3.989113539874359,,,vid4,8,,
0.9649707256536337,3.1341636064638587,,,vid4,9,,
,,4.601856686009367,0.36427037224457604,vid4,,0,1-9
,,4.209962081974016,0.3735301840340617,vid4,,0,2-10
