L,angle,est_angle,est_speed,geba,noise,quality,seed,speed,texture,valid
4,0,19.147875341432698,2.7282376707726668,1.1862176159637106,0,0.37813963004860446,9000,0.0,random,0
4,0,0.07362734476934855,0.7654797454469876,1.1928313280253022,0,0.294740601383244,9001,0.0,random,0
4,0,177.06393076893858,47.40358638590211,1.17842278546313,0,0.3326437430873968,9002,0.0,random,0
4,0,89.73759190762233,13.60643632541825,1.197991745960679,0,0.3677393652645297,9003,0.0,random,0
4,0,90.01413196716716,0.43704759387975,1.2054930696795156,0,0.2908419885916249,9004,0.0,random,0
4,0,90.05744466497565,71.79749092839836,1.2149932140623467,0,0.29630436157780604,9005,0.0,random,0
4,0,42.041116393220925,0.46839715587862196,1.175733936709519,0.5,0.2822163040478854,9006,0.0,random,0
4,0,90.01504475348217,28.927929976286407,1.1598731292141586,0.5,0.2641824772628383,9007,0.0,random,0
4,0,0.02979579940071036,30.358092410453988,1.2867812301866062,0.5,0.41215517638413174,9008,0.0,random,0
4,0,179.97787517340794,1.3757431654328625,1.3112337401417917,0.5,0.311831178582457,9009,0.0,random,0
4,0,90.05784641799002,1.4104154574240297,1.2365114820282384,0.5,0.25795914085597416,9010,0.0,random,0
4,0,80.99122953946801,3.2709406008111603,1.145393121233151,0.5,0.3051013898926549,9011,0.0,random,0
4,0,90.03738328022136,58.373042795714476,1.2395817180373634,1,0.3695193974048722,9012,0.0,random,0
4,0,179.96333404225464,63.97035597278556,1.2412547209967926,1,0.2840577356176899,9013,0.0,random,0
4,0,44.077652361070584,20.79805251504957,1.1899041422857932,1,0.3637145962756381,9014,0.0,random,0
4,0,0.306579625570512,2.3034217270580886,1.2543926312734575,1,0.28904306425484616,9015,0.0,random,0
4,0,179.9717301968857,49.75348100634827,1.1987131050612343,1,0.2711817033982992,9016,0.0,random,0
4,0,127.82287275962092,66.09233214783536,1.1975530423133727,1,0.21965398429500108,9017,0.0,random,0
4,0,44.06521626579382,0.4110213415086978,1.1880490671404726,0,0.4675265241043259,9018,0.0,surface,0
4,0,44.06521626579382,0.4110213415086978,1.1880490671404726,0,0.4675265241043259,9019,0.0,surface,0
4,0,44.06521626579382,0.4110213415086978,1.1880490671404726,0,0.4675265241043259,9020,0.0,surface,0
4,0,44.06521626579382,0.4110213415086978,1.1880490671404726,0,0.4675265241043259,9021,0.0,surface,0
4,0,44.06521626579382,0.4110213415086978,1.1880490671404726,0,0.4675265241043259,9022,0.0,surface,0
4,0,44.06521626579382,0.4110213415086978,1.1880490671404726,0,0.4675265241043259,9023,0.0,surface,0
4,0,89.98894088090599,0.45163643394164454,1.220220747141754,0.5,0.2278970448684065,9024,0.0,surface,0
4,0,108.07828330722575,0.4931793512048861,1.1532922717120542,0.5,0.4326205185941016,9025,0.0,surface,0
4,0,89.92900149948676,0.8938874176708037,1.235217415442018,0.5,0.3809308522948014,9026,0.0,surface,0
4,0,90.19409896928566,61.957768101317775,1.1528731779515555,0.5,0.2795302791674454,9027,0.0,surface,0
4,0,90.04465971539146,18.2754717879836,1.2645876219735013,0.5,0.27601725052623677,9028,0.0,surface,0
4,0,0.1588158219949478,7.006762351005001,1.227979274816296,0.5,0.3312204387045524,9029,0.0,surface,0
4,0,90.04099827623487,23.279962794927442,1.1572607913783455,1,0.3091349576112656,9030,0.0,surface,0
4,0,90.01924480162602,1.2708000760746514,1.2176706015704408,1,0.3206369738731487,9031,0.0,surface,0
4,0,0.22741790794999653,7.861810145517461,1.2093954827097153,1,0.39404714982858624,9032,0.0,surface,0
4,0,89.90573252054257,53.125781628991135,1.2323669956414112,1,0.29816562102721095,9033,0.0,surface,0
4,0,89.89230907706394,13.490959263972846,1.1765794660860622,1,0.2403239758667978,9034,0.0,surface,0
4,0,16.063091265644758,10.283776721878315,1.208909559879164,1,0.3647798855333864,9035,0.0,surface,0
